PLAYER,TEAM,YEAR,GP,W,L,MIN,DIST. FEET,DIST. MILES,DIST. MILES OFF,DIST. MILES DEF,AVG SPEED,AVG SPEED OFF,AVG SPEED DEF
A.J. Lawson,DAL,2023,15,5,10,7.2,3155.2,0.6,0.32,0.28,4.64,4.88,4.3
AJ Green,MIL,2023,35,27,8,9.9,4053.2,0.77,0.42,0.34,4.35,4.73,3.96
AJ Griffin,ATL,2023,72,34,38,19.5,8386.3,1.59,0.85,0.74,4.56,4.96,4.17
Aaron Gordon,DEN,2023,68,45,23,30.2,11320.4,2.14,1.12,1.02,3.99,4.22,3.77
Aaron Holiday,ATL,2023,63,32,31,13.4,5413.9,1.03,0.52,0.5,4.27,4.35,4.18
Aaron Nesmith,IND,2023,73,30,43,24.9,10220.3,1.94,1,0.93,4.36,4.66,4.08
Aaron Wiggins,OKC,2023,70,37,33,18.5,7937.8,1.5,0.8,0.71,4.55,4.94,4.18
Admiral Schofield,ORL,2023,37,14,23,12.2,4934.2,0.93,0.5,0.43,4.28,4.53,4.03
Al Horford,BOS,2023,63,44,19,30.5,11245.7,2.13,1.13,1,3.93,4.2,3.67
Alec Burks,DET,2023,50,12,38,22,8408.5,1.59,0.84,0.76,4.04,4.26,3.83
Aleksej Pokusevski,OKC,2023,34,16,18,20.6,8333.6,1.58,0.88,0.7,4.32,4.96,3.72
Alex Caruso,CHI,2023,66,32,34,23.5,9734.7,1.84,0.96,0.88,4.37,4.71,4.05
Alex Len,SAC,2023,26,15,11,6.2,2512.2,0.48,0.25,0.22,4.27,4.58,3.91
Alize Johnson,SAS,2023,4,1,3,7.4,3226.5,0.61,0.34,0.27,4.52,5.03,4.03
Alondes Williams,BKN,2023,1,1,0,5.3,2184,0.41,0.23,0.18,4.27,3.78,4.91
Alperen Sengun,HOU,2023,75,18,57,28.9,10442.8,1.98,1.05,0.92,3.85,3.92,3.77
Amir Coffey,LAC,2023,50,26,24,12.5,4768.8,0.9,0.47,0.43,4.02,4.09,3.92
Andre Drummond,CHI,2023,67,32,35,12.7,4842.6,0.92,0.46,0.46,4.03,4.2,3.88
Andre Iguodala,GSW,2023,7,2,5,13.5,5315.9,1.01,0.56,0.45,4.15,4.66,3.65
Andrew Nembhard,IND,2023,75,32,43,27.6,11239.1,2.13,1.11,1.02,4.31,4.63,4
Andrew Wiggins,GSW,2023,36,18,18,32.3,12314.7,2.33,1.22,1.12,4.07,4.38,3.77
Anfernee Simons,POR,2023,62,27,35,35,13611.3,2.58,1.44,1.14,4.13,4.52,3.72
Anthony Davis,LAL,2023,56,31,25,34,11974.9,2.27,1.21,1.05,3.76,4.03,3.49
Anthony Edwards,MIN,2023,78,39,39,36.1,13490.3,2.55,1.36,1.2,3.96,4.28,3.65
Anthony Gill,WAS,2023,59,21,38,10.6,4322.9,0.82,0.45,0.37,4.29,4.6,3.97
Anthony Lamb,GSW,2023,61,35,26,19.2,7903.9,1.5,0.84,0.66,4.35,4.92,3.79
Austin Reaves,LAL,2023,64,35,29,28.8,11146.5,2.11,1.15,0.96,4.11,4.44,3.77
Austin Rivers,MIN,2023,52,25,27,19.5,7451.3,1.41,0.72,0.69,4.03,4.17,3.9
Ayo Dosunmu,CHI,2023,79,39,40,26.2,10789.3,2.04,1.05,1,4.38,4.64,4.14
Bam Adebayo,MIA,2023,75,40,35,34.6,12940.8,2.45,1.31,1.14,3.97,4.25,3.69
Ben Simmons,BKN,2023,42,24,18,26.3,9716.2,1.84,0.97,0.87,3.93,4.32,3.58
Bennedict Mathurin,IND,2023,78,33,45,28.5,11364.2,2.15,1.14,1.01,4.21,4.52,3.9
Bismack Biyombo,PHX,2023,61,33,28,14.3,5551.5,1.05,0.56,0.49,4.1,4.29,3.93
Blake Griffin,BOS,2023,41,27,14,13.9,4916.3,0.93,0.51,0.42,3.79,3.94,3.6
Blake Wesley,SAS,2023,34,8,26,18,7741.1,1.47,0.81,0.66,4.55,4.98,4.11
Boban Marjanovic,HOU,2023,31,7,24,5.5,1937.6,0.37,0.18,0.18,3.69,3.89,3.52
Bobby Portis,MIL,2023,70,47,23,26,10463.2,1.98,1.07,0.91,4.29,4.6,3.97
Bogdan Bogdanovic,ATL,2023,54,27,27,27.9,11095.2,2.1,1.16,0.94,4.2,4.7,3.72
Bojan Bogdanovic,DET,2023,58,15,43,32,12375.1,2.34,1.29,1.06,4.1,4.47,3.74
Bol Bol,ORL,2023,70,26,44,21.5,8400.9,1.59,0.82,0.77,4.15,4.32,3.98
Bones Hyland,LAC,2023,56,36,20,19.4,7591.4,1.44,0.79,0.65,4.15,4.49,3.79
Bradley Beal,WAS,2023,50,24,26,33.5,12923.5,2.45,1.39,1.05,4.1,4.47,3.7
Brandon Boston Jr.,LAC,2023,22,9,13,11.3,4552.9,0.86,0.46,0.4,4.23,4.49,3.96
Brandon Clarke,MEM,2023,56,32,24,19.5,8108.9,1.54,0.81,0.73,4.37,4.68,4.07
Brandon Ingram,NOP,2023,45,23,22,34.2,12441.6,2.36,1.3,1.05,3.86,4.3,3.42
Braxton Key,DET,2023,3,0,3,3,1299,0.25,0.11,0.13,4.19,4.91,3.77
Brook Lopez,MIL,2023,78,57,21,30.4,10983.4,2.08,1.11,0.97,3.86,4.13,3.6
Bruce Brown,DEN,2023,80,53,27,28.5,10854.7,2.06,1.11,0.94,4.04,4.37,3.71
Bruno Fernando,ATL,2023,39,13,26,10.4,3975.2,0.75,0.41,0.34,4.05,4.4,3.69
Bryce McGowens,CHA,2023,46,16,30,17.1,6879.1,1.3,0.69,0.61,4.23,4.54,3.94
Bryn Forbes,MIN,2023,25,9,16,10.7,4362,0.83,0.44,0.39,4.31,4.75,3.87
Buddy Boeheim,DET,2023,10,2,8,9,3638.4,0.69,0.36,0.33,4.23,4.26,4.19
Buddy Hield,IND,2023,80,35,45,31,13062.4,2.47,1.35,1.13,4.47,5,3.97
CJ McCollum,NOP,2023,75,38,37,35.3,14100,2.67,1.49,1.18,4.25,4.82,3.69
Cade Cunningham,DET,2023,12,3,9,33.4,13146.8,2.49,1.39,1.1,4.18,4.67,3.67
Caleb Houstan,ORL,2023,51,20,31,15.9,6614,1.25,0.68,0.57,4.38,4.73,4.03
Caleb Martin,MIA,2023,71,38,33,29.3,12634.1,2.39,1.29,1.1,4.58,4.92,4.22
Cam Reddish,POR,2023,40,14,26,24.7,9899.5,1.87,0.97,0.9,4.24,4.4,4.08
Cam Thomas,BKN,2023,57,30,27,16.6,6523,1.24,0.68,0.55,4.18,4.58,3.79
Cameron Johnson,BKN,2023,42,25,17,28.6,11229.1,2.13,1.16,0.97,4.18,4.55,3.81
Cameron Payne,PHX,2023,48,27,21,20.2,7864.5,1.49,0.84,0.65,4.14,4.64,3.63
Caris LeVert,CLE,2023,74,45,29,30.2,11693.6,2.21,1.2,1.01,4.08,4.32,3.83
Carlik Jones,CHI,2023,6,3,3,9.1,3446.2,0.65,0.34,0.32,3.97,4.3,3.68
Cedi Osman,CLE,2023,77,48,29,20.1,7817.1,1.48,0.79,0.69,4.1,4.25,3.94
Chance Comanche,POR,2023,1,0,1,20.8,8344,1.58,0.79,0.79,4.28,4.44,4.13
Charles Bassey,SAS,2023,35,9,26,14.5,5781.7,1.1,0.58,0.51,4.18,4.51,3.86
Chima Moneke,SAC,2023,2,1,1,4,1658,0.31,0.16,0.15,4.23,4.64,3.88
Chimezie Metu,SAC,2023,66,41,25,10.4,4219.2,0.8,0.41,0.39,4.22,4.53,3.95
Chris Boucher,TOR,2023,76,39,37,20.1,8085.4,1.53,0.81,0.72,4.26,4.46,4.05
Chris Duarte,IND,2023,46,19,27,19.5,8366.7,1.58,0.84,0.75,4.54,4.91,4.19
Chris Paul,PHX,2023,59,33,26,32,10729.3,2.03,1.13,0.9,3.57,3.93,3.2
Chris Silva,DAL,2023,1,1,0,3,1536,0.29,0.15,0.14,5.07,3.47,3.29
Christian Braun,DEN,2023,76,49,27,15.5,6402.7,1.21,0.64,0.57,4.36,4.58,4.12
Christian Koloko,TOR,2023,58,29,29,13.8,5626.2,1.07,0.55,0.51,4.3,4.51,4.11
Christian Wood,DAL,2023,67,33,34,25.9,9450.1,1.79,0.95,0.84,3.86,3.99,3.73
Chuma Okeke,ORL,2023,27,8,19,19.2,7722.3,1.46,0.77,0.69,4.26,4.4,4.11
Clint Capela,ATL,2023,65,35,30,26.6,10098.6,1.91,1,0.92,4.03,4.23,3.84
Coby White,CHI,2023,73,36,37,23.5,8946,1.69,0.87,0.83,4.04,4.27,3.83
Cody Martin,CHA,2023,7,2,5,19.1,8315.4,1.57,0.84,0.73,4.57,4.86,4.28
Cody Zeller,MIA,2023,15,6,9,14.4,5798.5,1.1,0.61,0.49,4.26,4.61,3.89
Cole Anthony,ORL,2023,60,28,32,25.9,10809.4,2.05,1.1,0.95,4.41,4.79,4.04
Cole Swider,LAL,2023,7,2,5,5.9,2552.7,0.48,0.28,0.21,4.54,4.87,3.9
Collin Sexton,UTA,2023,48,24,24,23.9,9063.3,1.72,0.93,0.78,3.99,4.29,3.69
Corey Kispert,WAS,2023,74,31,43,28.3,11568.3,2.19,1.23,0.96,4.34,4.77,3.88
Cory Joseph,DET,2023,62,12,50,19.8,8196,1.55,0.84,0.71,4.36,4.65,4.06
D'Angelo Russell,LAL,2023,71,39,32,32.5,12485.7,2.36,1.3,1.06,4.09,4.61,3.6
Daishen Nix,HOU,2023,57,15,42,16,6075.5,1.15,0.62,0.53,4,4.23,3.76
Dalano Banton,TOR,2023,31,17,14,9,3884.2,0.74,0.39,0.35,4.55,4.81,4.28
Dalen Terry,CHI,2023,37,18,19,5.8,2382.7,0.45,0.23,0.22,4.4,4.68,4.1
Damian Jones,UTA,2023,41,12,29,11.6,4592.5,0.87,0.45,0.42,4.15,4.42,3.9
Damian Lillard,POR,2023,58,27,31,36.3,13547.9,2.57,1.46,1.11,3.96,4.46,3.45
Damion Lee,PHX,2023,74,40,34,20.4,8441.3,1.6,0.89,0.71,4.36,4.74,3.97
Daniel Gafford,WAS,2023,78,32,46,20.6,8091.5,1.53,0.82,0.72,4.18,4.31,4.05
Daniel Theis,IND,2023,7,1,6,15.6,5761.1,1.09,0.57,0.52,3.94,4.11,3.77
Danny Green,CLE,2023,11,6,5,12.6,5457.6,1.03,0.54,0.49,4.52,4.95,4.13
Danuel House Jr.,PHI,2023,56,38,18,14.4,5888.4,1.12,0.58,0.53,4.32,4.53,4.09
Dario Saric,OKC,2023,57,26,31,14.1,5678.7,1.08,0.58,0.49,4.24,4.55,3.93
Darius Bazley,PHX,2023,43,19,24,14.3,5800.7,1.1,0.58,0.52,4.31,4.74,3.92
Darius Days,HOU,2023,4,0,4,6.3,2579,0.49,0.25,0.24,4.37,4.3,4.44
Darius Garland,CLE,2023,69,40,29,35.5,13853.1,2.62,1.45,1.17,4.14,4.53,3.73
David Duke Jr.,BKN,2023,23,10,13,9.9,3962.7,0.75,0.4,0.35,4.2,4.43,3.97
David Roddy,MEM,2023,70,44,26,18,7195.7,1.36,0.71,0.65,4.23,4.43,4.03
Davion Mitchell,SAC,2023,80,47,33,18.1,7544.7,1.43,0.75,0.67,4.43,4.78,4.09
Davis Bertans,DAL,2023,45,20,25,10.9,4448,0.84,0.47,0.37,4.31,4.82,3.83
Davon Reed,LAL,2023,43,29,14,8,3255.5,0.62,0.34,0.27,4.29,4.62,3.95
Day'Ron Sharpe,BKN,2023,48,22,26,11.5,4655.1,0.88,0.47,0.41,4.26,4.53,3.98
De'Aaron Fox,SAC,2023,73,44,29,33.4,13188.5,2.5,1.33,1.17,4.17,4.64,3.74
De'Andre Hunter,ATL,2023,67,35,32,31.7,12092.4,2.29,1.23,1.06,4.05,4.42,3.68
De'Anthony Melton,PHI,2023,77,50,27,27.9,11037.3,2.09,1.11,0.98,4.21,4.38,4.02
DeAndre Jordan,DEN,2023,39,23,16,15,5034.2,0.95,0.51,0.45,3.57,3.7,3.42
DeMar DeRozan,CHI,2023,73,36,37,36.2,12703.9,2.41,1.3,1.1,3.79,4.2,3.39
Dean Wade,CLE,2023,44,30,14,20.3,7940.4,1.5,0.79,0.71,4.14,4.26,4.02
Deandre Ayton,PHX,2023,67,36,31,30.4,10978.6,2.08,1.12,0.96,3.85,4.1,3.6
Dejounte Murray,ATL,2023,74,38,36,36.4,14148.2,2.68,1.47,1.21,4.14,4.57,3.71
Delon Wright,WAS,2023,50,26,24,24.4,9726.2,1.84,1.01,0.83,4.19,4.41,3.95
Deni Avdija,WAS,2023,76,33,43,26.6,10448.6,1.98,1.08,0.9,4.16,4.41,3.9
Dennis Schroder,LAL,2023,67,37,30,29.6,11591.9,2.2,1.14,1.06,4.16,4.32,4
Dennis Smith Jr.,CHA,2023,54,19,35,25.7,10330,1.96,1.04,0.92,4.24,4.56,3.92
Deonte Burton,SAC,2023,2,1,1,3.3,1447.5,0.27,0.14,0.14,4.05,5.65,4.27
Dereon Seabron,NOP,2023,5,2,3,2.3,947.2,0.18,0.09,0.09,4.15,5.21,3.31
Derrick Jones Jr.,CHI,2023,63,28,35,13.9,5676.5,1.08,0.56,0.52,4.3,4.69,3.97
Derrick Rose,NYK,2023,27,12,15,12.5,5102.2,0.97,0.53,0.44,4.33,4.75,3.92
Derrick White,BOS,2023,82,57,25,28.3,10846.1,2.05,1.11,0.95,4.09,4.41,3.77
Desmond Bane,MEM,2023,58,38,20,31.8,12620.3,2.39,1.3,1.09,4.2,4.67,3.76
Devin Booker,PHX,2023,53,34,19,34.6,12974.5,2.46,1.37,1.09,3.97,4.4,3.54
Devin Vassell,SAS,2023,38,12,26,31,13087.5,2.48,1.4,1.08,4.47,5.03,3.9
Devon Dotson,WAS,2023,6,1,5,8.8,3769.8,0.71,0.38,0.33,4.45,4.71,4.2
Devonte' Graham,SAS,2023,73,31,42,18.3,7211.4,1.37,0.76,0.61,4.17,4.59,3.74
Dewayne Dedmon,PHI,2023,38,23,15,11.2,4220.9,0.8,0.44,0.36,3.98,4.2,3.73
Dillon Brooks,MEM,2023,73,46,27,30.3,11587,2.19,1.09,1.11,4.05,4.11,3.99
Domantas Sabonis,SAC,2023,79,47,32,34.6,13837.7,2.62,1.37,1.25,4.25,4.58,3.93
Dominick Barlow,SAS,2023,26,4,22,14,5929.5,1.12,0.61,0.52,4.46,4.84,4.08
Donovan Mitchell,CLE,2023,68,44,24,35.8,12607.5,2.39,1.32,1.07,3.74,4.07,3.39
Donovan Williams,ATL,2023,2,1,1,2.1,902.5,0.17,0.08,0.09,3.82,5.65,4.64
Donte DiVincenzo,GSW,2023,71,41,30,26.3,10659.4,2.02,1.1,0.92,4.29,4.75,3.86
Dorian Finney-Smith,BKN,2023,66,31,35,30.4,11626,2.2,1.17,1.03,4.07,4.2,3.92
Doug McDermott,SAS,2023,63,19,44,20.5,8866.2,1.68,0.97,0.71,4.55,5.23,3.87
Draymond Green,GSW,2023,72,40,32,31.5,11521,2.18,1.16,1.02,3.89,4.29,3.51
Drew Eubanks,POR,2023,77,31,46,20.2,7909.3,1.5,0.81,0.69,4.16,4.39,3.91
Dru Smith,BKN,2023,15,7,8,10.6,4114.4,0.78,0.41,0.37,4.13,4.45,3.82
Duane Washington Jr.,NYK,2023,31,17,14,12.7,5208.3,0.99,0.55,0.43,4.32,4.78,3.86
Duncan Robinson,MIA,2023,42,19,23,16.4,6474.5,1.23,0.7,0.53,4.15,4.72,3.59
Dwight Powell,DAL,2023,76,37,39,19.2,7779,1.47,0.79,0.68,4.33,4.51,4.13
Dylan Windler,CLE,2023,3,3,0,3.5,1441.3,0.27,0.15,0.12,4.1,5.2,4.04
Dyson Daniels,NOP,2023,59,33,26,17.7,7192.7,1.36,0.72,0.64,4.31,4.65,3.98
Edmond Sumner,BKN,2023,53,33,20,13.9,5749.8,1.09,0.58,0.51,4.35,4.65,4.05
Eric Gordon,LAC,2023,69,25,44,28.5,9805.1,1.86,1.01,0.85,3.64,3.88,3.4
Eugene Omoruyi,DET,2023,40,10,30,16.1,6485.5,1.23,0.65,0.58,4.25,4.54,3.98
Evan Fournier,NYK,2023,27,15,12,17,6881.8,1.3,0.7,0.6,4.3,4.59,4.01
Evan Mobley,CLE,2023,79,48,31,34.4,13255.3,2.51,1.35,1.16,4.08,4.35,3.82
Facundo Campazzo,DAL,2023,8,2,6,6.5,2680.9,0.51,0.28,0.23,4.34,4.68,3.8
Frank Jackson,UTA,2023,1,0,1,5,1939,0.37,0.18,0.19,4.48,6.22,3.49
Frank Kaminsky,HOU,2023,36,13,23,6.5,2461.8,0.47,0.25,0.21,3.97,4.26,3.63
Frank Ntilikina,DAL,2023,47,20,27,12.9,4964.3,0.94,0.49,0.45,4.07,4.29,3.85
Franz Wagner,ORL,2023,80,33,47,32.6,13740.3,2.6,1.42,1.19,4.47,4.97,3.99
Fred VanVleet,TOR,2023,69,34,35,36.7,14509.8,2.75,1.54,1.21,4.18,4.67,3.68
Furkan Korkmaz,PHI,2023,37,24,13,9.6,3858.2,0.73,0.41,0.32,4.22,4.59,3.82
Gabe Vincent,MIA,2023,68,37,31,25.9,10147.1,1.92,1.05,0.87,4.17,4.56,3.77
Gabe York,IND,2023,3,1,2,18.6,7490.3,1.42,0.73,0.69,4.29,4.88,3.81
Garrett Temple,NOP,2023,25,16,9,6.5,2642.8,0.5,0.27,0.23,4.27,4.64,3.9
Garrison Mathews,ATL,2023,54,16,38,12.7,5049.8,0.96,0.51,0.44,4.21,4.46,3.95
Gary Harris,ORL,2023,48,22,26,24.7,9760.3,1.85,0.93,0.92,4.22,4.33,4.11
Gary Payton II,GSW,2023,22,13,9,16.7,7042.3,1.33,0.67,0.67,4.45,4.45,4.47
Gary Trent Jr.,TOR,2023,66,31,35,32.1,11990.9,2.27,1.19,1.08,3.95,4.16,3.75
George Hill,IND,2023,46,27,19,18.1,7022.3,1.33,0.72,0.61,4.1,4.35,3.84
Georges Niang,PHI,2023,78,51,27,19.4,7679.9,1.45,0.79,0.66,4.19,4.54,3.84
Giannis Antetokounmpo,MIL,2023,63,47,16,32.1,11953.3,2.26,1.25,1.02,3.95,4.43,3.49
Goga Bitadze,ORL,2023,38,13,25,12,4735.7,0.9,0.47,0.42,4.15,4.51,3.82
Goran Dragic,MIL,2023,57,26,31,15,6085,1.15,0.63,0.52,4.26,4.77,3.78
Gordon Hayward,CHA,2023,50,20,30,31.5,12752.6,2.42,1.33,1.08,4.29,4.79,3.81
Gorgui Dieng,SAS,2023,30,3,27,11.3,4107.8,0.78,0.42,0.35,3.84,4.16,3.51
Grant Williams,BOS,2023,79,55,24,25.9,9652.7,1.83,0.96,0.87,3.95,4.09,3.81
Grayson Allen,MIL,2023,72,53,19,27.4,11235.9,2.13,1.14,0.99,4.38,4.7,4.06
Greg Brown III,POR,2023,16,10,6,5.8,2229.7,0.42,0.22,0.21,4.01,4.11,3.91
Hamidou Diallo,DET,2023,55,12,43,17.7,7246.6,1.37,0.75,0.63,4.33,4.74,3.92
Harrison Barnes,SAC,2023,82,48,34,32.5,13165.4,2.49,1.32,1.17,4.3,4.7,3.92
Haywood Highsmith,MIA,2023,54,28,26,17.9,7481,1.42,0.76,0.66,4.41,4.68,4.15
Herbert Jones,NOP,2023,66,31,35,29.6,11766.7,2.23,1.16,1.07,4.24,4.51,3.98
Immanuel Quickley,NYK,2023,81,47,34,28.9,11584.3,2.19,1.2,0.99,4.23,4.53,3.92
Isaac Okoro,CLE,2023,76,48,28,21.7,8419.9,1.59,0.78,0.82,4.11,4,4.22
Isaiah Hartenstein,NYK,2023,82,47,35,19.9,8332.6,1.58,0.86,0.72,4.42,4.73,4.11
Isaiah Jackson,IND,2023,63,24,39,16.5,6745.9,1.28,0.67,0.6,4.3,4.7,3.93
Isaiah Joe,OKC,2023,73,36,37,19.1,7912.1,1.5,0.81,0.69,4.36,4.78,3.96
Isaiah Livers,DET,2023,51,10,41,23.1,9366.1,1.77,0.93,0.85,4.31,4.49,4.12
Isaiah Mobley,CLE,2023,12,8,4,7,2804.5,0.53,0.28,0.25,4.2,4.45,3.85
Isaiah Roby,NYK,2023,41,9,32,11.3,4772.9,0.9,0.5,0.41,4.45,5.02,3.87
Isaiah Stewart,DET,2023,49,12,37,28.3,10830.6,2.05,1.09,0.96,4.07,4.31,3.83
Isaiah Todd,WAS,2023,6,2,4,10.2,4275,0.81,0.46,0.35,4.48,4.73,4.01
Ish Smith,DEN,2023,43,25,18,9.3,3699.5,0.7,0.4,0.3,4.22,4.79,3.67
Ish Wainright,PHX,2023,60,33,27,15.3,6212,1.18,0.64,0.54,4.29,4.63,3.94
Ivica Zubac,LAC,2023,76,43,33,28.6,10742,2.03,1.09,0.94,4.02,4.25,3.78
JD Davison,BOS,2023,12,11,1,5.5,2115.3,0.4,0.22,0.18,4.07,4.24,3.87
JT Thor,CHA,2023,69,22,47,14,5825.3,1.1,0.6,0.5,4.41,4.81,4.01
Ja Morant,MEM,2023,61,40,21,31.9,12254.7,2.32,1.25,1.07,4.05,4.44,3.67
JaMychal Green,GSW,2023,57,30,27,14,5553,1.05,0.56,0.49,4.19,4.55,3.86
JaVale McGee,DAL,2023,42,20,22,8.4,3204.5,0.61,0.32,0.29,4.04,4.22,3.86
Jabari Smith Jr.,HOU,2023,79,21,58,31,11904.5,2.25,1.22,1.03,4.08,4.29,3.86
Jabari Walker,POR,2023,55,21,34,10.8,4207.2,0.8,0.43,0.37,4.08,4.31,3.85
Jack White,DEN,2023,17,13,4,3.9,1514.4,0.29,0.17,0.12,4.06,4.33,3.73
Jacob Gilyard,MEM,2023,1,0,1,40.8,16076,3.04,1.54,1.51,4.14,4.39,3.91
Jaden Hardy,DAL,2023,48,20,28,14.8,5937.5,1.12,0.61,0.52,4.25,4.5,4
Jaden Ivey,DET,2023,73,16,57,31.1,12415.1,2.35,1.29,1.06,4.24,4.6,3.86
Jaden McDaniels,MIN,2023,78,40,38,30.6,12831.9,2.43,1.25,1.18,4.45,4.67,4.24
Jaden Springer,PHI,2023,16,13,3,5.6,2301.4,0.44,0.24,0.2,4.32,4.43,4.18
Jae Crowder,MIL,2023,18,13,5,18.9,7547.9,1.43,0.78,0.65,4.24,4.66,3.82
Jae'Sean Tate,HOU,2023,31,7,24,21.9,8556.4,1.62,0.88,0.74,4.1,4.39,3.81
Jake LaRavia,MEM,2023,35,22,13,11.8,4908.3,0.93,0.51,0.42,4.37,4.68,4.04
Jakob Poeltl,TOR,2023,71,26,45,26.5,10790.5,2.04,1.1,0.95,4.35,4.68,4.02
Jalen Brunson,NYK,2023,68,40,28,35,13748.8,2.6,1.49,1.11,4.17,4.6,3.71
Jalen Duren,DET,2023,66,16,50,25,9858.6,1.87,0.98,0.89,4.16,4.26,4.06
Jalen Green,HOU,2023,76,20,56,34.2,13635.9,2.58,1.47,1.11,4.23,4.66,3.76
Jalen Johnson,ATL,2023,70,35,35,14.9,6101.4,1.16,0.61,0.54,4.33,4.68,3.99
Jalen McDaniels,PHI,2023,80,31,49,23.9,9981.5,1.89,1.02,0.87,4.41,4.82,4.01
Jalen Smith,IND,2023,68,31,37,18.8,7764.8,1.47,0.78,0.69,4.39,4.73,4.06
Jalen Suggs,ORL,2023,53,20,33,23.5,9325.6,1.77,0.94,0.83,4.18,4.47,3.9
Jalen Williams,OKC,2023,75,36,39,30.3,12842.4,2.43,1.32,1.12,4.5,5.04,3.99
Jamal Cain,MIA,2023,18,10,8,13.3,5510,1.04,0.53,0.51,4.34,4.39,4.28
Jamal Murray,DEN,2023,65,43,22,32.8,12862.6,2.44,1.35,1.09,4.17,4.61,3.73
Jamaree Bouyea,WAS,2023,5,2,3,14.1,5701.4,1.08,0.58,0.5,4.29,4.52,4.05
James Bouknight,CHA,2023,34,9,25,15.2,6142.3,1.16,0.65,0.51,4.31,4.82,3.8
James Harden,PHI,2023,58,39,19,36.8,12263.1,2.32,1.28,1.05,3.55,3.84,3.24
James Johnson,IND,2023,18,7,11,9,3418.1,0.65,0.34,0.31,4.02,4.5,3.6
James Wiseman,DET,2023,45,11,34,19.3,7688,1.46,0.77,0.69,4.26,4.47,4.04
Jared Butler,OKC,2023,6,3,3,12.8,4947.7,0.94,0.54,0.4,4.08,4.47,3.67
Jared Rhoden,DET,2023,14,2,12,14.1,5870.8,1.11,0.62,0.5,4.37,4.61,4.05
Jaren Jackson Jr.,MEM,2023,63,41,22,28.4,11183.1,2.12,1.09,1.02,4.17,4.44,3.91
Jarred Vanderbilt,LAL,2023,78,43,35,24.1,9946.8,1.88,0.99,0.9,4.38,4.55,4.22
Jarrell Brantley,UTA,2023,4,0,4,9.7,3651,0.69,0.36,0.33,4.02,4.21,3.57
Jarrett Allen,CLE,2023,68,44,24,32.6,12050.9,2.28,1.2,1.08,3.92,4.04,3.79
Jarrett Culver,ATL,2023,10,5,5,13.7,5399.8,1.02,0.55,0.47,4.12,4.31,3.92
Jason Preston,LAC,2023,14,4,10,8.8,3588.4,0.68,0.36,0.32,4.24,4.65,3.85
Javonte Green,CHI,2023,32,13,19,15,6216,1.18,0.6,0.57,4.36,4.68,4.07
Jaxson Hayes,NOP,2023,47,22,25,13,5018.9,0.95,0.5,0.45,4.09,4.34,3.85
Jay Huff,WAS,2023,7,2,5,13.6,5303.3,1,0.52,0.49,4.07,4.23,3.91
Jay Scrubb,ORL,2023,2,1,1,15.1,6174.5,1.17,0.66,0.5,4.22,4.52,3.89
Jaylen Brown,BOS,2023,67,46,21,35.9,13571.5,2.57,1.37,1.2,4.02,4.33,3.72
Jaylen Nowell,MIN,2023,65,34,31,19.3,7888.9,1.49,0.78,0.71,4.32,4.63,4.02
Jaylin Williams,OKC,2023,49,23,26,18.7,7015.5,1.33,0.73,0.6,4.04,4.37,3.72
Jayson Tatum,BOS,2023,74,52,22,36.9,13072.9,2.48,1.36,1.12,3.76,4.11,3.42
Jeenathan Williams,POR,2023,4,1,3,23.7,9639,1.83,0.88,0.95,4.38,4.2,4.56
Jeff Dowtin Jr.,TOR,2023,25,17,8,10.3,4092.9,0.78,0.42,0.36,4.19,4.43,3.89
Jeff Green,DEN,2023,56,33,23,19.5,7016.2,1.33,0.71,0.62,3.82,4.01,3.62
Jerami Grant,POR,2023,63,28,35,35.6,13548.7,2.57,1.38,1.19,4.03,4.26,3.8
Jeremiah Robinson-Earl,OKC,2023,43,16,27,18.9,8044.9,1.52,0.82,0.71,4.53,5.04,4.05
Jeremy Sochan,SAS,2023,55,15,40,26.1,10875.2,2.06,1.12,0.94,4.45,4.9,4.02
Jericho Sims,NYK,2023,52,31,21,15.6,6224.9,1.18,0.64,0.54,4.24,4.48,4
Jevon Carter,MIL,2023,81,57,24,22.4,9096.6,1.72,0.88,0.84,4.32,4.45,4.2
Jimmy Butler,MIA,2023,64,35,29,33.4,12571.8,2.38,1.26,1.12,4,4.17,3.82
Jock Landale,PHX,2023,69,35,34,14.2,5626.8,1.07,0.56,0.5,4.18,4.4,3.96
Joe Harris,BKN,2023,74,40,34,20.6,8273.1,1.57,0.87,0.7,4.28,4.82,3.76
Joe Ingles,MIL,2023,46,32,14,22.7,8700.6,1.65,0.87,0.77,4.06,4.32,3.8
Joe Wieskamp,TOR,2023,9,6,3,5.5,2383.1,0.45,0.25,0.21,4.62,4.91,4.33
Joel Embiid,PHI,2023,66,43,23,34.6,11581.4,2.19,1.14,1.05,3.57,3.69,3.44
John Butler Jr.,POR,2023,18,4,14,10.3,4091.3,0.77,0.4,0.37,4.18,4.27,4.08
John Collins,ATL,2023,71,37,34,30,11449.7,2.17,1.13,1.03,4.07,4.31,3.84
John Konchar,MEM,2023,72,45,27,20.8,8838.9,1.67,0.86,0.81,4.49,4.67,4.33
John Wall,LAC,2023,34,15,19,22.2,7839.1,1.48,0.8,0.69,3.7,3.99,3.4
Johnny Davis,WAS,2023,28,10,18,15.1,6140.3,1.16,0.63,0.54,4.29,4.53,4.02
Johnny Juzang,UTA,2023,18,6,12,12.9,5768,1.09,0.6,0.49,4.71,5.2,4.23
Jonas Valanciunas,NOP,2023,79,40,39,24.9,9358.6,1.77,0.92,0.85,4.03,4.24,3.83
Jonathan Isaac,ORL,2023,11,8,3,11.3,4712.1,0.89,0.48,0.41,4.42,4.66,4.17
Jonathan Kuminga,GSW,2023,67,38,29,20.8,8636.4,1.64,0.87,0.77,4.39,4.71,4.07
Jordan Clarkson,UTA,2023,61,30,31,32.6,13008.6,2.46,1.39,1.08,4.22,4.65,3.77
Jordan Goodwin,WAS,2023,62,22,40,17.8,7566.4,1.43,0.78,0.65,4.47,4.79,4.13
Jordan Hall,SAS,2023,9,1,8,9.2,3956.7,0.75,0.43,0.32,4.5,5.29,3.86
Jordan McLaughlin,MIN,2023,42,21,21,15.7,6804.9,1.29,0.71,0.58,4.58,5.19,4.02
Jordan Nwora,IND,2023,62,36,26,19.2,7885.2,1.49,0.8,0.69,4.36,4.68,4.04
Jordan Poole,GSW,2023,81,43,38,30,11548,2.19,1.25,0.94,4.08,4.72,3.46
Jordan Schakel,WAS,2023,2,0,2,3.1,1360,0.26,0.13,0.13,4.38,5.43,5.11
Jose Alvarado,NOP,2023,61,30,31,21.5,9076.8,1.72,0.9,0.82,4.47,4.7,4.25
Josh Christopher,HOU,2023,64,16,48,12.3,4916.3,0.93,0.5,0.43,4.23,4.53,3.93
Josh Giddey,OKC,2023,76,34,42,31.1,12674.1,2.4,1.28,1.12,4.34,4.75,3.94
Josh Green,DAL,2023,60,27,33,25.6,10814,2.05,1.08,0.96,4.45,4.58,4.32
Josh Hart,NYK,2023,76,42,34,32.3,12541,2.38,1.27,1.1,4.1,4.33,3.87
Josh Minott,MIN,2023,14,6,8,6.5,2899.2,0.55,0.29,0.26,4.66,5.2,4.16
Josh Okogie,PHX,2023,72,38,34,18.8,7637.8,1.45,0.74,0.71,4.31,4.36,4.24
Josh Richardson,NOP,2023,64,24,40,23.6,9651.1,1.83,1.01,0.82,4.31,4.77,3.85
Joshua Primo,SAS,2023,4,3,1,23.3,9947,1.88,1.08,0.81,4.47,5.07,3.87
Jrue Holiday,MIL,2023,67,50,17,32.6,12711.1,2.41,1.28,1.12,4.17,4.55,3.81
Juan Toscano-Anderson,UTA,2023,52,19,33,13.5,5662.9,1.07,0.58,0.5,4.44,4.86,4.02
Juancho Hernangomez,TOR,2023,42,20,22,14.6,6144.1,1.16,0.61,0.55,4.46,4.63,4.28
Julian Champagnie,SAS,2023,15,6,9,17.5,7655.1,1.45,0.82,0.63,4.62,5.09,4.12
Julius Randle,NYK,2023,77,44,33,35.5,13161.5,2.49,1.38,1.11,3.92,4.19,3.63
Justin Champagnie,BOS,2023,5,4,1,6.9,2783.2,0.53,0.28,0.24,4.28,4.25,4.32
Justin Holiday,DAL,2023,46,18,28,15.3,6272.6,1.19,0.64,0.55,4.29,4.67,3.93
Justin Jackson,BOS,2023,23,15,8,4.7,1817.5,0.34,0.19,0.16,4.07,4.3,3.83
Justin Minaya,POR,2023,3,0,3,20.4,8865.3,1.68,0.84,0.84,4.56,4.66,4.47
Justise Winslow,POR,2023,29,15,14,26.8,10341.1,1.96,1.06,0.9,4.08,4.27,3.88
Jusuf Nurkic,POR,2023,52,24,28,26.8,9723.1,1.84,0.99,0.85,3.87,4.12,3.62
KZ Okpala,SAC,2023,35,19,16,7.1,3074.9,0.58,0.3,0.28,4.54,4.82,4.28
Kai Jones,CHA,2023,46,13,33,11.9,4867.6,0.92,0.49,0.43,4.26,4.55,3.97
Karl-Anthony Towns,MIN,2023,28,14,14,33.2,12332.4,2.34,1.2,1.14,3.95,4.13,3.77
Kawhi Leonard,LAC,2023,52,33,19,33.6,13066.6,2.47,1.37,1.1,4.12,4.48,3.76
Keegan Murray,SAC,2023,80,47,33,29.8,12212.1,2.31,1.23,1.09,4.37,4.76,4
Keita Bates-Diop,SAS,2023,64,17,47,21.8,9035.3,1.71,0.93,0.78,4.41,4.8,4.01
Keldon Johnson,SAS,2023,61,16,45,32.8,12971.6,2.46,1.36,1.1,4.21,4.69,3.73
Kelly Olynyk,UTA,2023,68,28,40,28.6,10977.1,2.08,1.15,0.92,4.07,4.5,3.64
Kelly Oubre Jr.,CHA,2023,48,16,32,32.2,12756.5,2.42,1.29,1.13,4.2,4.49,3.9
Kemba Walker,DAL,2023,9,5,4,16,6018.7,1.14,0.64,0.5,4.01,4.4,3.6
Kendall Brown,IND,2023,6,1,5,6.7,3001.2,0.57,0.29,0.28,4.59,4.81,4.4
Kendrick Nunn,WAS,2023,70,30,40,13.8,5444.9,1.03,0.56,0.47,4.2,4.51,3.88
Kennedy Chandler,MEM,2023,36,22,14,7.8,3070.9,0.58,0.31,0.27,4.1,4.34,3.85
Kenneth Lofton Jr.,MEM,2023,24,15,9,7.3,2728.7,0.52,0.28,0.24,3.91,4.16,3.65
Kenrich Williams,OKC,2023,53,26,27,22.8,9217.1,1.75,0.91,0.83,4.29,4.64,3.97
Kentavious Caldwell-Pope,DEN,2023,76,51,25,31.3,11614.9,2.2,1.14,1.06,3.94,4.12,3.77
Kenyon Martin Jr.,HOU,2023,82,22,60,27.9,10029.3,1.9,1,0.89,3.8,3.9,3.69
Keon Ellis,SAC,2023,16,7,9,4.4,1823.4,0.35,0.18,0.17,4.26,4.4,4.12
Keon Johnson,POR,2023,40,13,27,10.4,4193.5,0.79,0.43,0.37,4.2,4.39,3.98
Kessler Edwards,SAC,2023,36,17,19,10.7,4491.6,0.85,0.44,0.41,4.41,4.7,4.13
Kevin Durant,PHX,2023,47,34,13,35.6,12297.8,2.33,1.25,1.08,3.69,3.98,3.39
Kevin Huerter,SAC,2023,75,44,31,29.4,12000.5,2.27,1.23,1.05,4.35,4.82,3.9
Kevin Knox II,POR,2023,62,12,50,15,6070,1.15,0.63,0.52,4.28,4.65,3.91
Kevin Love,MIA,2023,62,35,27,20,7195.1,1.36,0.73,0.63,3.83,3.99,3.66
Kevin Porter Jr.,HOU,2023,59,18,41,34.3,13297,2.52,1.37,1.15,4.11,4.31,3.9
Kevon Harris,ORL,2023,34,12,22,13.4,5370.6,1.02,0.53,0.49,4.19,4.28,4.1
Kevon Looney,GSW,2023,81,43,38,23.9,8999.1,1.7,0.88,0.82,4.02,4.2,3.84
Khem Birch,SAS,2023,20,9,11,8.1,3237.9,0.61,0.33,0.29,4.26,4.58,3.89
Khris Middleton,MIL,2023,33,25,8,24.3,9303.5,1.76,0.95,0.81,4.08,4.53,3.65
Killian Hayes,DET,2023,75,16,59,28.3,10907.1,2.07,1.13,0.94,4.11,4.42,3.79
Kira Lewis Jr.,NOP,2023,25,11,14,9.4,3974.4,0.75,0.39,0.36,4.46,4.76,4.18
Klay Thompson,GSW,2023,68,37,31,33.2,13021.8,2.47,1.35,1.12,4.17,4.68,3.69
Kobi Simmons,CHA,2023,5,1,4,5.5,2345.4,0.44,0.22,0.22,4.39,4.33,4.44
Kris Dunn,UTA,2023,22,8,14,25.8,10457.9,1.98,1.05,0.93,4.25,4.73,3.81
Kristaps Porzingis,WAS,2023,65,27,38,32.6,11916.5,2.26,1.23,1.02,3.89,4.13,3.63
Kyle Anderson,MIN,2023,68,35,33,28.4,10832.6,2.05,1.09,0.96,4.03,4.33,3.75
Kyle Kuzma,WAS,2023,64,29,35,35,13517.3,2.56,1.42,1.14,4.09,4.44,3.73
Kyle Lowry,MIA,2023,55,30,25,31.2,10880.9,2.06,1.13,0.93,3.69,3.99,3.39
Kyrie Irving,DAL,2023,60,32,28,37.3,13759.6,2.61,1.4,1.21,3.92,4.27,3.58
LaMelo Ball,CHA,2023,36,13,23,35.2,14639.6,2.77,1.52,1.26,4.41,4.94,3.91
Lamar Stevens,CLE,2023,62,39,23,18.1,7041.2,1.33,0.69,0.65,4.12,4.2,4.05
Landry Shamet,PHX,2023,40,19,21,20.2,8534.1,1.62,0.91,0.7,4.47,5.06,3.88
Larry Nance Jr.,NOP,2023,65,34,31,21.2,8116.1,1.54,0.81,0.72,4.01,4.28,3.74
Lauri Markkanen,UTA,2023,66,32,34,34.4,13311,2.52,1.39,1.13,4.08,4.45,3.7
LeBron James,LAL,2023,55,30,25,35.5,12370.3,2.34,1.27,1.07,3.71,4.07,3.36
Leandro Bolmaro,UTA,2023,14,8,6,4.9,2116.3,0.4,0.21,0.19,4.49,4.73,4.24
Lester Quinones,GSW,2023,4,4,0,4.5,2013.5,0.38,0.23,0.15,4.55,4.95,4.05
Lindell Wigginton,MIL,2023,7,4,3,12.4,4831.6,0.92,0.49,0.42,4.11,4.24,4.09
Lindy Waters III,OKC,2023,41,20,21,12.9,5448.2,1.03,0.55,0.48,4.44,4.92,4
Lonnie Walker IV,LAL,2023,56,27,29,23.2,8743.5,1.66,0.85,0.8,4.06,4.22,3.91
Louis King,PHI,2023,1,1,0,28.8,11364,2.15,1.19,0.96,4.24,4.29,4.19
Luguentz Dort,OKC,2023,74,36,38,30.7,12220.5,2.31,1.21,1.1,4.23,4.56,3.92
Luka Doncic,DAL,2023,66,33,33,36.2,12461.6,2.36,1.34,1.02,3.65,4.04,3.24
Luka Garza,MIN,2023,27,14,13,8.8,3854.5,0.73,0.39,0.34,4.61,4.91,4.3
Luka Samanic,UTA,2023,7,2,5,23,9374.9,1.78,0.93,0.84,4.33,4.94,3.82
Luke Kennard,MEM,2023,59,37,22,22.3,8818.5,1.67,0.9,0.77,4.18,4.55,3.81
Luke Kornet,BOS,2023,69,45,24,11.7,4610,0.87,0.47,0.4,4.19,4.4,3.96
Mac McClung,PHI,2023,2,2,0,20.5,8480,1.61,0.91,0.7,4.31,4.49,4.11
Malachi Flynn,TOR,2023,53,29,24,13,5259,1,0.54,0.46,4.25,4.57,3.93
Malaki Branham,SAS,2023,63,14,49,23.5,9823.2,1.86,1.03,0.83,4.44,4.92,3.97
Malcolm Brogdon,BOS,2023,67,46,21,26,9790.1,1.85,1.03,0.83,3.98,4.4,3.55
Malcolm Hill,CHI,2023,4,3,1,2,740.5,0.14,0.07,0.07,4.18,4.46,3.92
Malik Beasley,LAL,2023,81,45,36,25.8,9630.7,1.82,1.01,0.82,3.94,4.24,3.63
Malik Monk,SAC,2023,77,47,30,22.3,9091.6,1.72,0.93,0.79,4.28,4.82,3.76
Mamadi Diakite,CLE,2023,22,15,7,8,3062.8,0.58,0.3,0.28,4.03,4.23,3.83
MarJon Beauchamp,MIL,2023,52,34,18,13.5,5516.6,1.04,0.55,0.49,4.33,4.52,4.13
Marcus Morris Sr.,LAC,2023,65,35,30,28.1,10046.8,1.9,1.02,0.89,3.81,4.02,3.59
Marcus Smart,BOS,2023,61,43,18,32.1,11306.4,2.14,1.14,1,3.75,4.05,3.46
Mark Williams,CHA,2023,43,18,25,19.3,7582.1,1.44,0.74,0.7,4.18,4.41,3.97
Markelle Fultz,ORL,2023,60,29,31,29.6,12465.5,2.36,1.26,1.1,4.48,4.86,4.12
Markieff Morris,DAL,2023,35,17,18,10.1,3736.1,0.71,0.38,0.33,3.9,3.99,3.78
Marko Simonovic,CHI,2023,6,2,4,3.1,1224.8,0.23,0.11,0.12,4.06,4.79,3.52
Marvin Bagley III,DET,2023,42,7,35,23.6,9383.1,1.78,0.95,0.83,4.27,4.43,4.09
Mason Plumlee,LAC,2023,79,28,51,26,10402.3,1.97,1.06,0.91,4.26,4.6,3.92
Matisse Thybulle,POR,2023,71,38,33,16.9,6735.4,1.28,0.64,0.63,4.23,4.29,4.18
Matt Ryan,MIN,2023,33,14,19,9.3,3805.2,0.72,0.38,0.34,4.31,4.74,3.9
Matthew Dellavedova,SAC,2023,32,19,13,6.7,2821.1,0.53,0.29,0.24,4.44,5,3.91
Max Christie,LAL,2023,41,19,22,12.5,5208.7,0.99,0.52,0.46,4.41,4.7,4.14
Max Strus,MIA,2023,80,42,38,28.4,11662.2,2.21,1.26,0.95,4.35,4.9,3.79
Maxi Kleber,DAL,2023,37,18,19,25.1,9319.9,1.77,0.95,0.81,3.91,4.08,3.72
McKinley Wright IV,DAL,2023,27,14,13,12.4,5109.9,0.97,0.51,0.46,4.37,4.65,4.09
Meyers Leonard,MIL,2023,9,6,3,12.6,4610.2,0.87,0.49,0.38,3.88,4.12,3.52
Mfiondu Kabengele,BOS,2023,4,3,1,9.1,3363.3,0.64,0.35,0.28,3.83,4.02,3.61
Micah Potter,UTA,2023,7,4,3,7.5,3201.4,0.61,0.32,0.28,4.42,4.86,4.19
Michael Carter-Williams,ORL,2023,4,1,3,11.1,4230,0.8,0.46,0.34,3.99,4.29,3.66
Michael Foster Jr.,PHI,2023,1,1,0,1,356,0.07,0.05,0.02,5.13,0,0
Michael Porter Jr.,DEN,2023,62,41,21,29,10895,2.06,1.07,1,4.01,4.14,3.89
Mikal Bridges,BKN,2023,83,42,41,35.7,14247.8,2.7,1.46,1.24,4.25,4.55,3.93
Mike Conley,MIN,2023,66,33,33,30.4,11917.6,2.26,1.24,1.01,4.15,4.48,3.82
Mike Muscala,BOS,2023,63,32,31,15,6273.9,1.19,0.65,0.53,4.42,4.92,3.91
Miles McBride,NYK,2023,64,36,28,11.9,4898.4,0.93,0.49,0.44,4.34,4.49,4.2
Mitchell Robinson,NYK,2023,59,35,24,26.9,10045.6,1.9,1,0.9,3.98,4.04,3.92
Mo Bamba,LAL,2023,49,25,24,15.7,5854.1,1.11,0.6,0.51,3.98,4.2,3.76
Monte Morris,WAS,2023,62,28,34,27.4,10607.4,2.01,1.13,0.88,4.13,4.51,3.71
Montrezl Harrell,PHI,2023,57,35,22,11.9,4423.3,0.84,0.45,0.39,3.92,4.15,3.69
Moritz Wagner,ORL,2023,57,27,30,19.5,7727.7,1.46,0.79,0.67,4.19,4.56,3.84
Moses Brown,BKN,2023,36,17,19,8.2,3277.3,0.62,0.34,0.29,4.19,4.48,3.93
Moses Moody,GSW,2023,62,36,26,12.9,5058.5,0.96,0.52,0.44,4.13,4.46,3.8
Moussa Diabate,LAC,2023,22,10,12,8.9,3765.8,0.71,0.39,0.33,4.41,4.74,4.07
Myles Turner,IND,2023,62,29,33,29.4,11168.6,2.12,1.11,1,4.04,4.36,3.73
Naji Marshall,NOP,2023,77,40,37,23.3,9166.2,1.74,0.92,0.82,4.16,4.38,3.93
Nassir Little,POR,2023,54,22,32,18.1,7166.2,1.36,0.74,0.62,4.18,4.44,3.92
Nathan Knight,MIN,2023,37,18,19,7.7,3030.4,0.57,0.3,0.27,4.1,4.31,3.89
Naz Reid,MIN,2023,68,32,36,18.4,7371.8,1.4,0.74,0.66,4.24,4.58,3.91
Neemias Queta,SAC,2023,5,1,4,5.7,2438.4,0.46,0.24,0.23,4.35,4.74,3.99
Nerlens Noel,BKN,2023,17,4,13,11.4,4443.7,0.84,0.44,0.4,4.07,4.4,3.75
Nic Claxton,BKN,2023,76,41,35,29.9,11869.8,2.25,1.17,1.08,4.24,4.5,3.99
Nick Richards,CHA,2023,65,21,44,18.7,7841.3,1.49,0.79,0.69,4.44,4.73,4.14
Nickeil Alexander-Walker,MIN,2023,58,28,30,15,6384.3,1.21,0.66,0.55,4.49,4.88,4.1
Nicolas Batum,LAC,2023,78,44,34,21.9,8709.4,1.65,0.84,0.81,4.18,4.24,4.12
Nikola Jokic,DEN,2023,69,48,21,33.7,12119.4,2.3,1.25,1.05,3.84,4.21,3.47
Nikola Jovic,MIA,2023,15,7,8,13.6,5507.7,1.04,0.57,0.47,4.3,4.76,3.89
Nikola Vucevic,CHI,2023,81,39,42,33.5,12063.1,2.28,1.19,1.1,3.85,4.07,3.63
Noah Vonleh,BOS,2023,23,17,6,7.5,2963.3,0.56,0.31,0.25,4.19,4.62,3.77
Norman Powell,LAC,2023,60,31,29,26.1,10274.1,1.95,1.06,0.89,4.13,4.44,3.8
O.G. Anunoby,TOR,2023,67,33,34,35.6,13461.8,2.55,1.31,1.24,4.01,4.16,3.87
Obi Toppin,NYK,2023,67,37,30,15.7,6665.1,1.26,0.68,0.58,4.5,4.83,4.17
Ochai Agbaji,UTA,2023,59,29,30,20.5,8349.3,1.58,0.86,0.72,4.3,4.71,3.9
Olivier Sarr,OKC,2023,9,5,4,12.6,5147.4,0.97,0.54,0.44,4.32,4.66,3.88
Omer Yurtseven,MIA,2023,9,5,4,9.3,3708.9,0.7,0.38,0.32,4.15,4.2,4.09
Onyeka Okongwu,ATL,2023,80,41,39,23.1,9020.5,1.71,0.88,0.83,4.14,4.33,3.96
Orlando Robinson,MIA,2023,31,18,13,13.7,5449.4,1.03,0.55,0.48,4.22,4.28,4.15
Oshae Brissett,IND,2023,65,27,38,16.7,6812.1,1.29,0.69,0.6,4.31,4.69,3.95
Otto Porter Jr.,TOR,2023,8,4,4,18.3,7313.4,1.39,0.74,0.65,4.24,4.52,3.96
Ousmane Dieng,OKC,2023,39,20,19,14.6,5879.6,1.11,0.61,0.51,4.28,4.76,3.83
P.J. Tucker,PHI,2023,75,48,27,25.6,9801,1.86,0.96,0.89,4.1,4.17,4.02
P.J. Washington,CHA,2023,73,24,49,32.6,12965.1,2.46,1.34,1.11,4.24,4.71,3.78
PJ Dozier,SAC,2023,16,11,5,5,2074.1,0.39,0.22,0.18,4.36,4.72,3.87
Paolo Banchero,ORL,2023,72,31,41,33.8,13199.4,2.5,1.36,1.14,4.15,4.58,3.73
Pascal Siakam,TOR,2023,71,35,36,37.4,14312,2.71,1.48,1.23,4.07,4.49,3.65
Pat Connaughton,MIL,2023,61,43,18,23.6,9481.5,1.8,0.96,0.83,4.26,4.65,3.89
Patrick Baldwin Jr.,GSW,2023,31,15,16,7.3,2965,0.56,0.31,0.25,4.28,4.74,3.83
Patrick Beverley,CHI,2023,67,34,33,27.1,10590.7,2.01,1.04,0.96,4.19,4.38,4
Patrick Williams,CHI,2023,81,39,42,28.3,11272.9,2.14,1.11,1.03,4.26,4.57,3.96
Patty Mills,BKN,2023,40,18,22,14.2,5730.3,1.09,0.58,0.5,4.32,4.63,4.01
Paul George,LAC,2023,56,32,24,34.6,12950.1,2.45,1.35,1.1,3.97,4.32,3.6
Paul Reed,PHI,2023,69,44,25,10.9,4537.5,0.86,0.46,0.4,4.37,4.62,4.12
Payton Pritchard,BOS,2023,48,32,16,13.4,5443.6,1.03,0.56,0.47,4.31,4.58,4.03
Peyton Watson,DEN,2023,23,13,10,8.1,3284.3,0.62,0.33,0.29,4.28,4.6,3.97
Precious Achiuwa,TOR,2023,55,30,25,20.7,8146.3,1.54,0.81,0.73,4.15,4.35,3.96
Quentin Grimes,NYK,2023,71,41,30,29.9,11354.3,2.15,1.15,1,4.03,4.16,3.9
Quenton Jackson,WAS,2023,9,3,6,14.9,6311.6,1.2,0.65,0.54,4.43,4.83,4.02
R.J. Hampton,DET,2023,47,9,38,15.9,6605.6,1.25,0.68,0.57,4.37,4.64,4.09
RJ Barrett,NYK,2023,73,40,33,33.9,13475.8,2.55,1.39,1.16,4.21,4.5,3.91
RaiQuan Gray,BKN,2023,1,0,1,35.1,13226,2.5,1.31,1.2,3.94,4.43,3.53
Raul Neto,CLE,2023,48,31,17,10.5,4074.4,0.77,0.41,0.36,4.08,4.24,3.92
Reggie Bullock,DAL,2023,78,37,41,30.3,11411.9,2.16,1.14,1.03,4,4.05,3.95
Reggie Jackson,DEN,2023,68,36,32,24.4,9201.9,1.74,0.96,0.79,4.02,4.35,3.67
Richaun Holmes,SAC,2023,42,22,20,8.3,3180.3,0.6,0.31,0.3,4.05,4.2,3.91
Ricky Rubio,CLE,2023,33,23,10,17.1,6895.9,1.31,0.73,0.58,4.24,4.6,3.87
Robert Covington,LAC,2023,48,20,28,16.2,6102.7,1.16,0.62,0.53,3.93,4.24,3.62
Robert Williams III,BOS,2023,35,24,11,23.5,8897.2,1.69,0.91,0.78,4.03,4.28,3.77
Robin Lopez,CLE,2023,37,25,12,8.1,3070.9,0.58,0.32,0.26,4.01,4.18,3.82
Rodney McGruder,DET,2023,32,4,28,16.4,6890.5,1.31,0.7,0.61,4.48,4.8,4.16
Romeo Langford,SAS,2023,40,13,27,19.7,8271.1,1.57,0.81,0.75,4.45,4.67,4.24
Ron Harper Jr.,TOR,2023,9,6,3,5.3,2166,0.41,0.23,0.18,4.31,4.93,3.7
Royce O'Neale,BKN,2023,76,42,34,31.7,12236.8,2.32,1.27,1.05,4.11,4.58,3.66
Rudy Gay,UTA,2023,56,29,27,14.6,5682.8,1.08,0.58,0.5,4.11,4.38,3.82
Rudy Gobert,MIN,2023,69,33,36,30.7,12019.8,2.28,1.2,1.08,4.16,4.42,3.9
Rui Hachimura,LAL,2023,63,38,25,23.3,9238.8,1.75,0.95,0.8,4.2,4.5,3.9
Russell Westbrook,LAC,2023,73,36,37,29.1,10688,2.02,1.11,0.91,3.9,4.34,3.46
Ryan Arcidiacono,POR,2023,20,9,11,8.6,3596.8,0.68,0.39,0.29,4.42,4.88,4
Ryan Rollins,GSW,2023,12,5,7,5.2,2199.4,0.42,0.22,0.19,4.47,4.7,4.23
Saben Lee,PHX,2023,25,15,10,14.9,6189.3,1.17,0.63,0.54,4.35,4.61,4.08
Saddiq Bey,ATL,2023,76,24,52,27.6,10675.4,2.02,1.05,0.97,4.1,4.28,3.91
Sam Hauser,BOS,2023,80,55,25,16.1,6940.2,1.31,0.73,0.58,4.56,5,4.1
Sam Merrill,CLE,2023,5,4,1,11.7,4874,0.92,0.5,0.42,4.34,4.87,3.85
Sandro Mamukelashvili,SAS,2023,41,22,19,14.9,6293,1.19,0.67,0.53,4.45,4.79,4.09
Santi Aldama,MEM,2023,77,47,30,21.8,9062.8,1.72,0.91,0.81,4.39,4.66,4.13
Scottie Barnes,TOR,2023,77,38,39,34.8,13943.2,2.64,1.41,1.23,4.25,4.58,3.92
Scotty Pippen Jr.,LAL,2023,6,1,5,5.3,2216.3,0.42,0.22,0.2,4.32,4.71,3.96
Serge Ibaka,MIL,2023,16,11,5,11.6,4277.7,0.81,0.45,0.36,3.9,4.03,3.69
Seth Curry,BKN,2023,61,37,24,19.9,7452,1.41,0.76,0.65,3.97,4.26,3.68
Shaedon Sharpe,POR,2023,80,32,48,22.2,8844.6,1.68,0.89,0.79,4.21,4.38,4.03
Shai Gilgeous-Alexander,OKC,2023,68,33,35,35.5,13400,2.54,1.37,1.16,3.99,4.49,3.53
Shake Milton,PHI,2023,76,52,24,20.6,8028.2,1.52,0.82,0.7,4.11,4.41,3.8
Shaquille Harrison,LAL,2023,4,1,3,23.9,10409.5,1.97,1.08,0.89,4.59,4.95,4.23
Simone Fontecchio,UTA,2023,52,25,27,14.7,6167.8,1.17,0.65,0.51,4.39,4.94,3.85
Skylar Mays,POR,2023,5,1,4,33.3,12713.8,2.41,1.32,1.09,4.09,4.48,3.69
Spencer Dinwiddie,BKN,2023,79,41,38,34.5,12441.3,2.36,1.33,1.03,3.84,4.23,3.43
Stanley Johnson,SAS,2023,29,5,24,15.8,6563.2,1.24,0.67,0.58,4.35,4.81,3.94
Stanley Umude,DET,2023,1,0,1,2.1,932,0.18,0.08,0.09,4.66,6.81,3.54
Stephen Curry,GSW,2023,55,29,26,34.9,13830.3,2.62,1.48,1.14,4.22,4.91,3.57
Sterling Brown,LAL,2023,4,2,2,6.1,2630.8,0.5,0.26,0.24,4.45,4.38,4.54
Steven Adams,MEM,2023,42,28,14,27,10210.8,1.93,1.01,0.92,4.02,4.19,3.85
Svi Mykhailiuk,CHA,2023,32,16,16,14.6,5923.2,1.12,0.6,0.52,4.27,4.61,3.94
T.J. McConnell,IND,2023,75,31,44,20.4,8888.5,1.68,0.9,0.78,4.6,5.02,4.2
T.J. Warren,PHX,2023,42,26,16,16.4,6560.9,1.24,0.64,0.6,4.24,4.35,4.13
Taj Gibson,WAS,2023,49,21,28,9.8,3755.2,0.71,0.38,0.33,4.02,4.13,3.91
Talen Horton-Tucker,UTA,2023,65,30,35,20.2,7736.2,1.47,0.82,0.65,4.04,4.5,3.58
Tari Eason,HOU,2023,82,22,60,21.6,8524.9,1.61,0.87,0.75,4.18,4.38,3.96
Taurean Prince,MIN,2023,53,30,23,22,8569.4,1.62,0.85,0.77,4.09,4.38,3.82
Terance Mann,LAC,2023,81,44,37,23.1,9300.1,1.76,0.93,0.83,4.25,4.42,4.08
Terence Davis,SAC,2023,64,38,26,13.1,5468.9,1.04,0.54,0.5,4.4,4.76,4.07
Terrence Ross,PHX,2023,63,27,36,21.1,8322.5,1.58,0.86,0.72,4.19,4.5,3.86
Terry Rozier,CHA,2023,63,19,44,35.3,14298.6,2.71,1.5,1.21,4.33,4.79,3.87
Terry Taylor,CHI,2023,31,13,18,8.5,3537.6,0.67,0.35,0.32,4.37,4.8,3.98
Thaddeus Young,TOR,2023,54,23,31,14.7,5784.1,1.1,0.59,0.51,4.15,4.34,3.94
Thanasis Antetokounmpo,MIL,2023,37,25,12,5.6,2253.1,0.43,0.23,0.2,4.23,4.3,4.16
Theo Maledon,CHA,2023,44,14,30,19.4,8028.1,1.52,0.84,0.68,4.36,4.8,3.91
Theo Pinson,DAL,2023,40,19,21,8.1,3203.8,0.61,0.32,0.28,4.16,4.44,3.88
Thomas Bryant,DEN,2023,59,33,26,18.3,7003.9,1.33,0.71,0.62,4.09,4.38,3.8
Tim Hardaway Jr.,DAL,2023,71,37,34,30.3,11220,2.12,1.16,0.97,3.94,4.18,3.67
Tobias Harris,PHI,2023,74,47,27,32.9,12291.8,2.33,1.24,1.09,3.98,4.14,3.81
Tony Bradley,CHI,2023,11,4,7,2.9,1232.5,0.23,0.12,0.12,4.35,4.68,4.07
Torrey Craig,PHX,2023,79,44,35,24.7,10345.8,1.96,1.04,0.92,4.46,4.7,4.22
Trae Young,ATL,2023,73,38,35,34.8,13130,2.49,1.37,1.12,3.99,4.46,3.53
Tre Jones,SAS,2023,65,19,46,29.1,12289.9,2.33,1.27,1.05,4.49,4.92,4.05
Tre Mann,OKC,2023,67,31,36,17.7,7155.5,1.36,0.73,0.62,4.3,4.65,3.95
Trendon Watford,POR,2023,61,26,35,19.1,7293.8,1.38,0.76,0.62,4.05,4.35,3.72
Trent Forrest,ATL,2023,23,9,14,12,4772,0.9,0.48,0.43,4.18,4.4,3.96
Trevelin Queen,IND,2023,7,2,5,10,4149.6,0.79,0.43,0.36,4.4,5.01,3.83
Trevor Hudgins,HOU,2023,5,0,5,5.7,2196.6,0.42,0.23,0.19,4.07,4.39,3.76
Trevor Keels,NYK,2023,3,3,0,2.7,995,0.19,0.11,0.08,4.08,3.75,2.98
Trey Lyles,SAC,2023,74,43,31,16.9,6970.3,1.32,0.69,0.63,4.34,4.68,4.01
Trey Murphy III,NOP,2023,79,39,40,31,12216.3,2.31,1.19,1.12,4.19,4.38,4.02
Troy Brown Jr.,LAL,2023,76,40,36,24.5,9895.1,1.87,0.98,0.89,4.32,4.55,4.09
Ty Jerome,GSW,2023,45,22,23,18.1,7012.1,1.33,0.76,0.57,4.08,4.59,3.55
TyTy Washington Jr.,HOU,2023,31,6,25,14,5237.4,0.99,0.54,0.45,3.98,4.3,3.63
Tyler Dorsey,DAL,2023,3,2,1,2.8,909.3,0.17,0.09,0.08,3.35,3.97,2.72
Tyler Herro,MIA,2023,67,37,30,34.9,13990.9,2.65,1.45,1.2,4.27,4.63,3.9
Tyrese Haliburton,IND,2023,56,28,28,33.6,13544,2.57,1.43,1.13,4.28,4.91,3.68
Tyrese Martin,ATL,2023,16,10,6,4.1,1652.8,0.31,0.17,0.15,4.21,4.49,3.93
Tyrese Maxey,PHI,2023,60,39,21,33.6,13598.9,2.58,1.4,1.17,4.31,4.58,4.03
Tyus Jones,MEM,2023,80,51,29,24.2,9876.3,1.87,1.02,0.86,4.31,4.7,3.93
Udoka Azubuike,UTA,2023,36,17,19,10,3713.5,0.7,0.37,0.34,3.92,4.11,3.74
Udonis Haslem,MIA,2023,7,4,3,10.3,3718.3,0.7,0.37,0.34,3.78,3.97,3.73
Usman Garuba,HOU,2023,75,21,54,12.9,4969.8,0.94,0.49,0.45,4.04,4.13,3.94
Vernon Carey Jr.,UTA,2023,11,8,3,2.6,1029.6,0.2,0.11,0.08,4,4.1,3.87
Victor Oladipo,MIA,2023,42,23,19,26.3,9871.1,1.87,1.02,0.85,3.95,4.26,3.62
Vince Williams Jr.,MEM,2023,15,7,8,7,2875.9,0.54,0.28,0.27,4.36,4.43,4.19
Vit Krejci,ATL,2023,29,15,14,5.7,2254.2,0.43,0.23,0.2,4.13,4.49,3.78
Vlatko Cancar,DEN,2023,60,38,22,14.8,5588.2,1.06,0.58,0.48,3.99,4.26,3.7
Walker Kessler,UTA,2023,74,34,40,23,9319.7,1.77,0.95,0.81,4.28,4.54,4.02
Wendell Carter Jr.,ORL,2023,57,26,31,29.6,10757.3,2.04,1.08,0.96,3.86,4.17,3.56
Wendell Moore Jr.,MIN,2023,28,15,13,5.3,2365.5,0.45,0.24,0.21,4.66,5.2,4.21
Wenyen Gabriel,LAL,2023,68,37,31,15.1,6106.5,1.16,0.63,0.53,4.31,4.72,3.9
Wesley Matthews,MIL,2023,52,37,15,15.8,6406.9,1.21,0.66,0.56,4.27,4.6,3.92
Will Barton,TOR,2023,56,27,29,17.7,6913.8,1.31,0.71,0.6,4.12,4.43,3.8
Willy Hernangomez,NOP,2023,38,23,15,12,4839.5,0.92,0.49,0.43,4.24,4.5,3.98
Xavier Cooks,WAS,2023,10,2,8,12.6,5162.3,0.98,0.52,0.45,4.31,4.65,3.89
Xavier Moon,LAC,2023,4,2,2,4.9,1910.8,0.36,0.2,0.16,3.92,4.42,3.41
Xavier Sneed,CHA,2023,4,0,4,12.1,5097.3,0.97,0.51,0.46,4.42,4.87,3.82
Xavier Tillman,MEM,2023,61,40,21,19.4,7816.6,1.48,0.77,0.71,4.29,4.56,4.04
Yuta Watanabe,BKN,2023,58,30,28,16,6401.6,1.21,0.64,0.57,4.25,4.52,3.98
Zach Collins,SAS,2023,61,19,42,22.9,8779.4,1.66,0.9,0.77,4.05,4.39,3.71
Zach LaVine,CHI,2023,76,37,39,36,13892.7,2.63,1.41,1.22,4.11,4.53,3.72
Zeke Nnaji,DEN,2023,52,34,18,14,5437.5,1.03,0.55,0.48,4.11,4.28,3.92
Ziaire Williams,MEM,2023,37,21,16,15.2,6061.3,1.15,0.57,0.57,4.22,4.37,4.08
Zion Williamson,NOP,2023,29,17,12,33,13026.6,2.47,1.34,1.12,4.19,4.67,3.74
Aaron Gordon,DEN,2022,75,46,29,31.7,11717,2.22,1.18,1.04,4,4.19,3.81
Aaron Henry,PHI,2022,6,6,0,2.8,1203.2,0.23,0.12,0.11,4.39,4.23,3.91
Aaron Holiday,PHX,2022,63,34,29,16.2,6371.2,1.21,0.64,0.57,4.28,4.48,4.09
Aaron Nesmith,BOS,2022,52,32,20,11,4439.1,0.84,0.44,0.4,4.34,4.58,4.12
Aaron Wiggins,OKC,2022,50,13,37,24.2,10189.7,1.93,1.01,0.92,4.59,4.96,4.24
Abdel Nader,PHX,2022,14,11,3,10.4,4351.3,0.82,0.42,0.4,4.45,4.63,4.27
Ade Murkey,SAC,2022,1,0,1,1.5,410,0.08,0.04,0.04,3.84,0,0
Admiral Schofield,ORL,2022,38,10,28,12.3,5012.9,0.95,0.51,0.44,4.32,4.56,4.08
Ahmad Caver,IND,2022,1,0,1,0.8,346,0.07,0.03,0.04,5.36,0,0
Al Horford,BOS,2022,68,46,22,29,10608.1,2.01,1.08,0.93,3.95,4.24,3.67
Alec Burks,NYK,2022,80,36,44,28.5,10871.5,2.06,1.08,0.97,4.05,4.19,3.9
Aleem Ford,ORL,2022,5,2,3,14.7,5962.2,1.13,0.59,0.53,4.29,4.58,4.14
Aleksej Pokusevski,OKC,2022,61,19,42,20.2,8127.1,1.54,0.86,0.68,4.36,4.91,3.82
Alex Caruso,CHI,2022,41,24,17,28,11205,2.12,1.12,1,4.23,4.53,3.94
Alex Len,SAC,2022,39,17,22,15.9,6101,1.16,0.6,0.55,4.11,4.47,3.78
Alfonzo McKinnie,CHI,2022,17,8,9,12.1,4953.5,0.94,0.49,0.45,4.34,4.57,4.12
Alize Johnson,NOP,2022,23,14,9,7.3,2964.2,0.56,0.29,0.27,4.29,4.47,4.1
Alperen Sengun,HOU,2022,72,18,54,20.7,7622.4,1.44,0.75,0.7,3.9,3.94,3.86
Amir Coffey,LAC,2022,68,33,35,22.6,8570.3,1.62,0.85,0.77,4.01,4.17,3.85
Andre Drummond,BKN,2022,73,42,31,19.7,7109.6,1.35,0.69,0.65,3.91,3.98,3.84
Andre Iguodala,GSW,2022,30,20,10,19.4,7300.4,1.38,0.73,0.65,3.99,4.27,3.71
Andrew Wiggins,GSW,2022,72,47,25,31.9,12167.5,2.3,1.22,1.08,4.06,4.4,3.74
Anfernee Simons,POR,2022,57,25,32,29.5,11715.7,2.22,1.21,1.01,4.21,4.54,3.88
Anthony Davis,LAL,2022,40,17,23,35.1,12273.6,2.32,1.19,1.13,3.73,3.85,3.61
Anthony Edwards,MIN,2022,72,39,33,34.3,12588.3,2.38,1.28,1.11,3.95,4.27,3.63
Anthony Gill,WAS,2022,44,15,29,10.5,4312.8,0.82,0.44,0.37,4.3,4.64,3.98
Anthony Lamb,HOU,2022,2,0,2,3.8,1862.5,0.35,0.19,0.16,5,5.83,4.2
Armoni Brooks,TOR,2022,54,20,34,15.6,6394.8,1.21,0.67,0.54,4.36,4.75,3.96
Arnoldas Kulboka,CHA,2022,2,2,0,2.6,1120.5,0.21,0.12,0.09,4.15,4.13,4.18
Austin Reaves,LAL,2022,61,28,33,23.2,9434.8,1.79,0.94,0.85,4.3,4.48,4.12
Austin Rivers,DEN,2022,67,41,26,22.1,8282.3,1.57,0.82,0.75,4.04,4.16,3.92
Avery Bradley,LAL,2022,62,27,35,22.7,9039.8,1.71,0.87,0.84,4.26,4.33,4.2
Ayo Dosunmu,CHI,2022,77,42,35,27.4,10688.9,2.02,1.05,0.98,4.22,4.38,4.06
BJ Johnson,ORL,2022,4,2,2,16.1,6593.5,1.25,0.69,0.56,4.38,4.74,4
Bam Adebayo,MIA,2022,56,36,20,32.6,12445.1,2.36,1.27,1.09,4.05,4.4,3.72
Ben McLemore,POR,2022,64,20,44,20.1,8251.2,1.56,0.84,0.72,4.33,4.64,4.02
Bismack Biyombo,PHX,2022,35,29,6,14.1,5460.4,1.03,0.55,0.49,4.11,4.31,3.89
Blake Griffin,BKN,2022,56,29,27,17.1,6106.6,1.16,0.61,0.55,3.83,4,3.66
Boban Marjanovic,DAL,2022,23,15,8,5.6,2067.3,0.39,0.2,0.19,3.96,4.05,3.88
Bobby Portis,MIL,2022,72,46,26,28.2,11116.7,2.11,1.08,1.02,4.22,4.57,3.91
Bogdan Bogdanovic,ATL,2022,63,33,30,29.3,11379.4,2.16,1.18,0.97,4.2,4.65,3.75
Bojan Bogdanovic,UTA,2022,69,45,24,30.9,11935.9,2.26,1.21,1.05,4.1,4.39,3.81
Bol Bol,ORL,2022,14,5,9,5.8,2088.4,0.4,0.21,0.18,4.15,4.46,3.99
Bones Hyland,DEN,2022,69,41,28,19,7503.9,1.42,0.79,0.63,4.24,4.66,3.82
Brad Wanamaker,WAS,2022,23,10,13,13.9,5436.1,1.03,0.56,0.47,4.14,4.55,3.73
Bradley Beal,WAS,2022,40,17,23,36,13980.1,2.65,1.49,1.16,4.13,4.51,3.74
Brandon Boston Jr.,LAC,2022,50,26,24,14.8,5824.9,1.1,0.57,0.53,4.17,4.39,3.95
Brandon Clarke,MEM,2022,63,43,20,19.4,8003.8,1.52,0.8,0.71,4.41,4.72,4.11
Brandon Goodwin,CLE,2022,36,19,17,13.9,5723.8,1.08,0.6,0.48,4.34,4.68,3.98
Brandon Ingram,NOP,2022,54,28,26,34,12567.3,2.38,1.34,1.04,3.94,4.41,3.46
Brandon Knight,DAL,2022,5,2,3,12.9,5233.2,0.99,0.57,0.42,4.3,4.82,3.6
Brandon Williams,POR,2022,24,2,22,26.6,10944,2.07,1.13,0.94,4.35,4.75,3.94
Braxton Key,DET,2022,11,5,6,17.9,7424.6,1.41,0.74,0.66,4.39,4.72,4.06
Brodric Thomas,BOS,2022,12,8,4,5,1904.7,0.36,0.19,0.17,4.33,4.55,4.3
Brook Lopez,MIL,2022,13,10,3,22.9,8629.8,1.63,0.86,0.77,4.04,4.33,3.76
Bruce Brown,BKN,2022,72,37,35,24.6,9729.1,1.84,0.98,0.87,4.27,4.54,4
Bruno Fernando,HOU,2022,30,15,15,5.1,1983,0.38,0.21,0.17,4.06,4.33,3.77
Bryn Forbes,DEN,2022,75,36,39,17.1,6845.3,1.3,0.72,0.57,4.29,4.77,3.81
Buddy Hield,IND,2022,80,25,55,30.9,12685.4,2.4,1.29,1.11,4.36,4.75,3.99
CJ Elleby,POR,2022,58,17,41,20.3,8269.3,1.57,0.83,0.74,4.33,4.6,4.08
CJ McCollum,NOP,2022,62,28,34,34.6,13610.5,2.58,1.43,1.14,4.19,4.68,3.71
CJ Miles,BOS,2022,1,1,0,1.9,738,0.14,0.08,0.06,2.65,4.66,6.16
Cade Cunningham,DET,2022,63,20,43,32.6,13149.1,2.49,1.4,1.09,4.28,4.83,3.73
Caleb Martin,MIA,2022,60,37,23,22.9,9860.6,1.87,0.98,0.89,4.56,4.81,4.32
Cam Reddish,NYK,2022,49,20,29,20.7,8339.9,1.58,0.83,0.75,4.27,4.47,4.08
Cam Thomas,BKN,2022,67,32,35,17.6,6740.3,1.28,0.69,0.59,4.17,4.5,3.84
Cameron Johnson,PHX,2022,65,49,16,26.1,10277.8,1.95,1.06,0.88,4.25,4.75,3.79
Cameron McGriff,POR,2022,3,0,3,15.3,6475.3,1.23,0.66,0.57,4.41,4.8,4.04
Cameron Oliver,ATL,2022,2,1,1,21.6,8589,1.63,0.86,0.76,4.26,4.58,3.71
Cameron Payne,PHX,2022,57,45,12,22.1,8752.6,1.66,0.91,0.75,4.2,4.7,3.73
Caris LeVert,CLE,2022,58,23,35,30.7,11923.9,2.26,1.25,1,4.13,4.57,3.68
Carlik Jones,DEN,2022,5,3,2,4.7,1888,0.36,0.19,0.17,4.26,4.4,4.13
Carmelo Anthony,LAL,2022,69,27,42,26,9217.5,1.75,0.91,0.84,3.75,3.91,3.58
Carsen Edwards,DET,2022,4,1,3,19.8,7432.3,1.41,0.75,0.65,3.99,4.29,3.69
Cassius Stanley,DET,2022,9,3,6,17.2,7323.2,1.39,0.74,0.65,4.47,4.67,4.2
Cassius Winston,WAS,2022,7,1,6,5.6,1959.9,0.37,0.22,0.15,4.39,5.06,3.73
Cat Barber,ATL,2022,3,0,3,4.3,1761.7,0.33,0.17,0.16,4.26,4.47,4.06
Cedi Osman,CLE,2022,66,37,29,22.1,8672.6,1.64,0.89,0.75,4.14,4.34,3.93
Chandler Hutchison,PHX,2022,6,4,2,3.7,1438,0.27,0.16,0.11,4.35,4.76,3.93
Charles Bassey,PHI,2022,23,11,12,7.3,2862.7,0.54,0.29,0.25,4.17,4.36,3.97
Charlie Brown Jr.,PHI,2022,22,16,6,8.1,3650,0.69,0.36,0.33,4.81,4.92,4.68
Chaundee Brown Jr.,ATL,2022,5,1,4,20.7,8101.6,1.53,0.78,0.76,4.21,4.59,3.87
Cheick Diallo,DET,2022,3,0,3,10.2,4335.7,0.82,0.44,0.38,4.53,4.53,4.15
Chimezie Metu,SAC,2022,59,22,37,21.6,8408.2,1.59,0.85,0.74,4.14,4.54,3.75
Chris Boucher,TOR,2022,80,48,32,21.1,8382.8,1.59,0.84,0.75,4.2,4.39,4.01
Chris Chiozza,GSW,2022,33,21,12,11.2,4454.2,0.84,0.46,0.39,4.22,4.56,3.87
Chris Duarte,IND,2022,55,21,34,28,11776.1,2.23,1.2,1.03,4.48,4.8,4.14
Chris Paul,PHX,2022,64,52,12,32.9,11239.7,2.13,1.17,0.96,3.65,4.11,3.21
Chris Silva,MIA,2022,10,7,3,9.1,3780.7,0.72,0.38,0.33,4.37,4.47,4.14
Christian Wood,HOU,2022,68,19,49,30.8,11281.1,2.14,1.15,0.99,3.89,4.12,3.66
Chuma Okeke,ORL,2022,70,21,49,25,10059.6,1.91,1.02,0.88,4.29,4.61,3.97
Clint Capela,ATL,2022,74,40,34,27.6,10197,1.93,1.01,0.92,4,4.22,3.79
Coby White,CHI,2022,61,32,29,27.5,10418.4,1.97,1.05,0.92,4.07,4.3,3.83
Cody Martin,CHA,2022,70,41,29,26.4,11130.3,2.11,1.13,0.98,4.48,4.86,4.11
Cody Zeller,POR,2022,27,13,14,13.1,5490.6,1.04,0.56,0.48,4.41,4.72,4.09
Cole Anthony,ORL,2022,65,18,47,31.7,12833.2,2.43,1.36,1.08,4.32,4.85,3.8
Collin Sexton,CLE,2022,11,7,4,28.8,10676.3,2.02,1.13,0.89,4.04,4.35,3.74
Corey Kispert,WAS,2022,77,31,46,23.4,9748.9,1.85,1.03,0.82,4.44,4.88,3.99
Cory Joseph,DET,2022,65,19,46,24.6,10285.7,1.95,1.05,0.89,4.43,4.76,4.1
Craig Sword,WAS,2022,3,1,2,6.3,2309.3,0.44,0.21,0.23,3.88,3.85,3.89
D'Angelo Russell,MIN,2022,65,39,26,31.9,11799.1,2.23,1.22,1.01,3.99,4.42,3.56
D.J. Augustin,LAL,2022,55,15,40,16.1,6179.4,1.17,0.65,0.52,4.1,4.44,3.73
D.J. Wilson,TOR,2022,4,2,2,13.5,5481,1.04,0.55,0.49,4.44,5,3.96
DaQuan Jeffries,MEM,2022,2,2,0,2.2,816,0.15,0.1,0.06,3.7,3.63,3.86
Daishen Nix,HOU,2022,24,3,21,10.9,4328.8,0.82,0.43,0.39,4.21,4.5,3.94
Dakota Mathias,MEM,2022,5,4,1,2.6,987.4,0.19,0.11,0.08,3.81,3.77,3.86
Dalano Banton,TOR,2022,64,37,27,10.9,4741.3,0.9,0.48,0.42,4.66,5.01,4.32
Damian Jones,SAC,2022,55,18,37,18.4,6969.4,1.32,0.68,0.64,4.06,4.27,3.86
Damian Lillard,POR,2022,29,12,17,36.4,13506.2,2.56,1.44,1.12,3.95,4.46,3.46
Damion Lee,GSW,2022,62,41,21,19.8,8283.9,1.57,0.86,0.71,4.44,4.88,3.99
Damyean Dotson,NYK,2022,2,1,1,10.3,4000.5,0.76,0.45,0.31,4.11,4.47,3.67
Daniel Gafford,WAS,2022,72,30,42,20.1,7863,1.49,0.79,0.7,4.19,4.37,4.01
Daniel Oturu,TOR,2022,3,1,2,9.1,3498.7,0.66,0.34,0.32,4.07,4.35,3.83
Daniel Theis,BOS,2022,47,20,27,20.8,7741.7,1.47,0.76,0.7,3.99,4.15,3.82
Danilo Gallinari,ATL,2022,66,35,31,25.3,9094.2,1.72,0.96,0.76,3.88,4.23,3.52
Danny Green,PHI,2022,62,37,25,21.8,9037.8,1.71,0.89,0.82,4.41,4.56,4.25
Danuel House Jr.,UTA,2022,42,18,24,17.3,7057.7,1.34,0.71,0.63,4.29,4.44,4.15
Darius Bazley,OKC,2022,69,19,50,27.9,11070.6,2.1,1.13,0.96,4.29,4.65,3.93
Darius Garland,CLE,2022,68,37,31,35.7,14056.3,2.66,1.53,1.13,4.19,4.69,3.66
Darren Collison,LAL,2022,3,1,2,12.4,5148.3,0.98,0.5,0.48,4.33,4.17,4.51
David Duke Jr.,BKN,2022,22,10,12,15.5,6238.1,1.18,0.6,0.58,4.38,4.59,4.2
David Johnson,TOR,2022,2,2,0,1,453.5,0.09,0.05,0.04,5.18,3.84,7.9
David Nwaba,HOU,2022,46,6,40,13.2,5441.8,1.03,0.55,0.48,4.35,4.7,4
Davion Mitchell,SAC,2022,74,27,47,27.7,10870.7,2.06,1.08,0.97,4.23,4.54,3.92
Davis Bertans,DAL,2022,56,32,24,14.4,5906.9,1.12,0.63,0.49,4.35,4.89,3.81
Davon Reed,DEN,2022,48,29,19,13.9,5651.8,1.07,0.58,0.49,4.29,4.62,3.96
Day'Ron Sharpe,BKN,2022,32,12,20,12.2,4759.4,0.9,0.47,0.43,4.22,4.5,3.98
De'Aaron Fox,SAC,2022,58,21,37,35.4,13587.3,2.57,1.37,1.2,4.15,4.58,3.74
De'Andre Hunter,ATL,2022,53,28,25,29.8,11333.3,2.15,1.15,1,4.08,4.39,3.78
De'Anthony Melton,MEM,2022,72,48,24,22.7,8963.1,1.7,0.91,0.79,4.2,4.49,3.91
DeAndre Jordan,PHI,2022,48,26,22,13,4708.4,0.89,0.47,0.42,3.89,4,3.78
DeAndre' Bembry,MIL,2022,56,31,25,18.3,7174.2,1.36,0.68,0.68,4.17,4.24,4.1
DeJon Jarreau,IND,2022,1,0,1,0.9,486,0.09,0.04,0.05,5.16,0,9.15
DeMar DeRozan,CHI,2022,76,43,33,36.1,13142.4,2.49,1.38,1.11,3.93,4.37,3.5
DeMarcus Cousins,DEN,2022,48,33,15,14.9,5322.9,1.01,0.53,0.48,3.78,3.86,3.67
Dean Wade,CLE,2022,51,27,24,19.2,7729.8,1.46,0.79,0.68,4.28,4.44,4.11
Deandre Ayton,PHX,2022,58,46,12,29.5,10672.1,2.02,1.06,0.96,3.94,4.27,3.63
Deividas Sirvydis,DET,2022,3,1,2,8.9,3892.3,0.74,0.37,0.37,4.58,4.48,4.68
Dejounte Murray,SAS,2022,68,30,38,34.8,14518,2.75,1.52,1.23,4.45,5.07,3.87
Delon Wright,ATL,2022,77,42,35,18.9,7551.3,1.43,0.77,0.66,4.28,4.51,4.04
Deni Avdija,WAS,2022,82,35,47,24.2,9644.9,1.83,0.99,0.83,4.21,4.5,3.91
Dennis Schroder,HOU,2022,63,32,31,28.7,11333.3,2.15,1.14,1,4.16,4.4,3.93
Dennis Smith Jr.,POR,2022,37,15,22,17.3,6805,1.29,0.68,0.61,4.15,4.4,3.9
Denzel Valentine,UTA,2022,24,14,10,9.3,3578.1,0.68,0.37,0.31,4.09,4.21,3.95
Derrick Favors,OKC,2022,39,15,24,16.7,6157.5,1.17,0.62,0.54,4.07,4.33,3.8
Derrick Jones Jr.,CHI,2022,51,28,23,17.6,7127.8,1.35,0.72,0.63,4.36,4.74,4.01
Derrick Rose,NYK,2022,26,11,15,24.5,9795.7,1.86,1,0.86,4.25,4.57,3.94
Derrick Walton Jr.,DET,2022,3,1,2,36.1,14911,2.82,1.5,1.33,4.38,4.5,4.25
Derrick White,BOS,2022,75,40,35,29.3,11530.5,2.18,1.21,0.97,4.22,4.77,3.69
Desmond Bane,MEM,2022,76,53,23,29.8,11818.5,2.24,1.21,1.02,4.25,4.6,3.9
Devin Booker,PHX,2022,67,55,12,34.5,13026.3,2.47,1.35,1.12,4.09,4.57,3.63
Devin Cannady,ORL,2022,5,2,3,28.9,12465,2.36,1.32,1.04,4.56,4.96,4.13
Devin Vassell,SAS,2022,71,29,42,27.3,11503.5,2.18,1.18,1,4.47,5.01,3.96
Devon Dotson,CHI,2022,11,5,6,7.7,3248.4,0.62,0.32,0.29,4.43,4.64,4.1
Devontae Cacok,SAS,2022,15,5,10,8.1,3396.6,0.64,0.35,0.3,4.38,4.73,4.04
Devonte' Graham,NOP,2022,75,33,42,28.4,10981.6,2.08,1.14,0.94,4.11,4.48,3.74
Dewayne Dedmon,MIA,2022,67,43,24,15.9,6103.8,1.16,0.63,0.52,4.08,4.37,3.78
Didi Louzada,POR,2022,9,0,9,14.4,5690,1.08,0.58,0.5,4.15,4.39,3.9
Dillon Brooks,MEM,2022,31,21,10,27.8,10758.3,2.04,1.02,1.02,4.12,4.23,4
Domantas Sabonis,SAC,2022,62,21,41,34.5,13307.5,2.52,1.33,1.19,4.19,4.43,3.94
Donovan Mitchell,UTA,2022,67,41,26,33.8,11939.6,2.26,1.24,1.02,3.75,4.14,3.37
Donte DiVincenzo,SAC,2022,42,21,21,23.9,9468.1,1.79,0.96,0.84,4.26,4.66,3.88
Dorian Finney-Smith,DAL,2022,80,51,29,33,12817.6,2.43,1.3,1.13,4.14,4.25,4.02
Doug McDermott,SAS,2022,51,21,30,24,10429.6,1.98,1.1,0.88,4.65,5.35,4
Draymond Green,GSW,2022,46,34,12,28.9,10410.5,1.97,1.05,0.92,3.85,4.24,3.48
Drew Eubanks,POR,2022,71,19,52,17.5,6979.9,1.32,0.7,0.62,4.24,4.56,3.93
Duane Washington Jr.,IND,2022,48,12,36,20.2,8473.9,1.6,0.87,0.74,4.44,4.98,3.95
Duncan Robinson,MIA,2022,79,52,27,25.9,10289.7,1.95,1.1,0.85,4.25,4.75,3.73
Dwight Howard,LAL,2022,60,21,39,16.2,5972,1.13,0.59,0.54,3.95,4.06,3.82
Dwight Powell,DAL,2022,82,52,30,21.9,8773.6,1.66,0.9,0.76,4.29,4.46,4.11
Dylan Windler,CLE,2022,50,28,22,9.2,3798.9,0.72,0.39,0.33,4.39,4.59,4.14
Ed Davis,CLE,2022,31,15,16,6.5,2537.4,0.48,0.26,0.22,4.15,4.34,3.93
Elfrid Payton,PHX,2022,49,38,11,10.9,4335,0.82,0.43,0.39,4.2,4.38,4.02
Elijah Hughes,POR,2022,36,15,21,12.1,4637.8,0.88,0.47,0.41,4.08,4.32,3.84
Emanuel Terry,PHX,2022,3,2,1,6.1,2523,0.48,0.25,0.22,4.27,4.86,4.29
Emmanuel Mudiay,SAC,2022,2,0,2,5.5,2692,0.51,0.27,0.24,4.2,4.67,3.82
Enes Freedom,BOS,2022,34,20,14,11.8,4201.5,0.8,0.43,0.37,3.84,4.01,3.63
Eric Bledsoe,POR,2022,53,27,26,25,9289.7,1.76,0.96,0.8,3.96,4.36,3.57
Eric Gordon,HOU,2022,57,19,38,29.3,10074.7,1.91,1.04,0.87,3.65,3.95,3.33
Eric Paschall,UTA,2022,58,36,22,12.7,5144.5,0.97,0.53,0.45,4.29,4.54,4.03
Eugene Omoruyi,DAL,2022,4,1,3,4.5,1752,0.33,0.18,0.15,4.03,4.35,3.71
Evan Fournier,NYK,2022,79,35,44,29.3,11676.8,2.21,1.2,1.01,4.25,4.5,3.99
Evan Mobley,CLE,2022,69,40,29,33.8,13096.4,2.48,1.35,1.13,4.12,4.37,3.85
Facundo Campazzo,DEN,2022,65,38,27,18.2,7500.3,1.42,0.8,0.62,4.37,4.87,3.87
Feron Hunt,NYK,2022,2,2,0,4.2,1829.5,0.35,0.2,0.15,4.54,4.98,4.06
Frank Jackson,DET,2022,53,9,44,22,8807.2,1.67,0.89,0.78,4.25,4.53,3.98
Frank Kaminsky,PHX,2022,9,8,1,20.1,7863.6,1.49,0.8,0.68,4.16,4.53,3.8
Frank Ntilikina,DAL,2022,58,34,24,11.8,4590.1,0.87,0.46,0.41,4.12,4.27,3.97
Franz Wagner,ORL,2022,79,21,58,30.8,12978.9,2.46,1.36,1.09,4.5,5.04,3.98
Fred VanVleet,TOR,2022,65,39,26,37.9,14867.7,2.82,1.59,1.23,4.18,4.66,3.69
Freddie Gillespie,ORL,2022,9,1,8,13.2,5516.3,1.04,0.56,0.49,4.43,4.64,4.21
Furkan Korkmaz,PHI,2022,67,44,23,21.1,8514,1.61,0.89,0.73,4.3,4.67,3.92
Gabe Vincent,MIA,2022,68,47,21,23.4,9319.1,1.76,0.96,0.8,4.21,4.57,3.85
Gabe York,IND,2022,2,0,2,10.7,4368.5,0.83,0.39,0.44,4.4,4.98,3.98
Gabriel Deck,OKC,2022,7,2,5,7.9,3184.7,0.6,0.33,0.28,4.22,4.45,3.97
Gabriel Lundberg,PHX,2022,4,1,3,11.1,4544.5,0.86,0.46,0.4,4.15,4.44,3.86
Garrett Temple,NOP,2022,58,22,36,18.6,7373.3,1.4,0.74,0.66,4.19,4.39,3.97
Garrison Mathews,HOU,2022,65,19,46,26.3,10328.7,1.96,1.04,0.92,4.14,4.32,3.95
Gary Clark,NOP,2022,37,19,18,9.8,3765.4,0.71,0.37,0.34,4.08,4.32,3.85
Gary Harris,ORL,2022,61,16,45,28.4,11361.5,2.15,1.08,1.07,4.26,4.31,4.21
Gary Payton II,GSW,2022,70,47,23,17.6,7490.6,1.42,0.7,0.72,4.5,4.56,4.45
Gary Trent Jr.,TOR,2022,70,44,26,35,12856.1,2.43,1.28,1.15,3.91,4.09,3.73
George Hill,MIL,2022,54,36,18,23.2,9190.5,1.74,0.93,0.81,4.2,4.54,3.87
George King,DAL,2022,4,2,2,4.8,2070.8,0.39,0.21,0.18,4.59,5.04,4.11
Georges Niang,PHI,2022,76,48,28,22.9,8944,1.69,0.91,0.79,4.15,4.42,3.89
Georgios Kalaitzakis,OKC,2022,13,8,5,16.4,6527.5,1.24,0.69,0.55,4.26,4.52,3.92
Giannis Antetokounmpo,MIL,2022,67,45,22,32.9,12280.3,2.33,1.27,1.06,3.97,4.55,3.45
Goga Bitadze,IND,2022,50,17,33,14.6,5761,1.09,0.57,0.52,4.19,4.44,3.94
Goran Dragic,BKN,2022,21,10,11,23.7,9633.8,1.82,1.02,0.81,4.27,4.77,3.77
Gordon Hayward,CHA,2022,48,26,22,31.9,12825.6,2.43,1.33,1.1,4.28,4.8,3.78
Gorgui Dieng,ATL,2022,44,23,21,8.4,3128.2,0.59,0.32,0.28,3.91,4.13,3.69
Grant Williams,BOS,2022,76,49,27,24.5,9145.4,1.73,0.89,0.84,4.02,4.07,3.96
Grayson Allen,MIL,2022,66,43,23,27.3,11323.6,2.14,1.15,1,4.43,4.88,4.01
Greg Brown III,POR,2022,48,14,34,13.3,5390.9,1.02,0.52,0.5,4.26,4.45,4.07
Greg Monroe,MIN,2022,14,7,7,13.9,5362.4,1.02,0.53,0.49,4.05,4.25,3.85
Hamidou Diallo,DET,2022,57,14,43,21.8,8992.1,1.7,0.92,0.78,4.36,4.66,4.05
Harrison Barnes,SAC,2022,76,26,50,33.6,13554,2.57,1.39,1.18,4.36,4.82,3.91
Hassan Whiteside,UTA,2022,65,40,25,17.9,6635.1,1.26,0.66,0.6,3.95,4.07,3.82
Hassani Gravett,ORL,2022,8,2,6,21.4,8822.3,1.67,0.92,0.75,4.4,4.82,3.97
Haywood Highsmith,MIA,2022,19,13,6,8.6,3722.2,0.7,0.37,0.33,4.6,5.03,4.2
Herbert Jones,NOP,2022,77,35,42,29.8,11833.2,2.24,1.18,1.06,4.22,4.47,3.97
Ignas Brazdeikis,ORL,2022,42,9,33,12.8,5262.1,1,0.54,0.45,4.36,4.74,3.99
Immanuel Quickley,NYK,2022,77,34,43,23.1,9320.4,1.77,0.95,0.81,4.27,4.59,3.95
Isaac Bonga,TOR,2022,15,9,6,4.6,1946.1,0.37,0.19,0.18,4.6,4.73,4.46
Isaac Okoro,CLE,2022,67,34,33,29.6,11447.6,2.17,1.1,1.07,4.11,4.1,4.13
Isaiah Hartenstein,LAC,2022,68,37,31,17.9,7408.9,1.4,0.75,0.65,4.37,4.66,4.08
Isaiah Jackson,IND,2022,36,9,27,15,6179.9,1.17,0.62,0.55,4.38,4.84,3.99
Isaiah Joe,PHI,2022,55,35,20,11.1,4628.6,0.88,0.46,0.42,4.43,4.64,4.23
Isaiah Livers,DET,2022,19,8,11,20.2,8312.2,1.57,0.84,0.73,4.36,4.66,4.09
Isaiah Roby,OKC,2022,45,10,35,21.1,8095.3,1.53,0.85,0.68,4.23,4.7,3.77
Isaiah Stewart,DET,2022,70,21,49,25.6,9839.4,1.86,0.99,0.87,4.09,4.34,3.84
Isaiah Thomas,CHA,2022,22,12,10,15.2,5916.6,1.12,0.61,0.51,4.14,4.52,3.72
Isaiah Todd,WAS,2022,12,1,11,6.2,2485.3,0.47,0.25,0.22,4.24,4.6,3.88
Ish Smith,WAS,2022,64,27,37,17.4,7078.1,1.34,0.76,0.59,4.4,4.91,3.87
Ish Wainright,PHX,2022,44,35,9,7.9,3328.4,0.63,0.34,0.29,4.37,4.68,4.09
Ivica Zubac,LAC,2022,76,40,36,24.4,9292.8,1.76,0.94,0.82,4.09,4.32,3.86
JT Thor,CHA,2022,33,18,15,7.9,3220.2,0.61,0.33,0.28,4.36,4.7,4.02
Ja Morant,MEM,2022,56,35,21,33.3,12745.3,2.41,1.32,1.09,4.13,4.49,3.77
JaMychal Green,DEN,2022,67,36,31,16.2,6258.8,1.19,0.64,0.55,4.15,4.38,3.91
JaQuori McLaughlin,DAL,2022,4,2,2,2.7,1175.8,0.22,0.12,0.1,4.44,4.92,3.95
JaVale McGee,PHX,2022,74,57,17,15.8,5862.2,1.11,0.6,0.51,4.01,4.33,3.69
Jabari Parker,BOS,2022,12,4,8,9.4,3663.3,0.69,0.36,0.33,4.15,4.55,3.79
Jaden McDaniels,MIN,2022,70,40,30,25.8,10878.9,2.06,1.07,0.99,4.51,4.85,4.2
Jaden Springer,PHI,2022,2,2,0,2.8,1133,0.21,0.12,0.09,3.74,3.51,3.99
Jae Crowder,PHX,2022,67,54,13,28.1,10620.7,2.01,1.09,0.93,4.09,4.52,3.67
Jae'Sean Tate,HOU,2022,78,19,59,26.4,10317.5,1.95,1.05,0.91,4.16,4.43,3.88
Jahmi'us Ramsey,SAC,2022,19,2,17,7,2858.4,0.54,0.28,0.26,4.27,4.56,3.99
Jaime Echenique,WAS,2022,1,1,0,3.1,1022,0.19,0.11,0.09,3.78,3.4,4.25
Jake Layman,MIN,2022,34,20,14,6.8,2792.4,0.53,0.28,0.25,4.31,4.74,3.91
Jakob Poeltl,SAS,2022,68,30,38,29,11860,2.25,1.18,1.06,4.37,4.76,4.01
Jalen Brunson,DAL,2022,79,50,29,31.9,12348.4,2.34,1.31,1.03,4.12,4.41,3.8
Jalen Green,HOU,2022,67,12,55,31.9,12865.6,2.44,1.36,1.08,4.29,4.72,3.84
Jalen Johnson,ATL,2022,22,14,8,5.5,2231.2,0.42,0.22,0.2,4.27,4.52,4.03
Jalen McDaniels,CHA,2022,54,34,20,16.3,6814.4,1.29,0.7,0.59,4.44,4.88,4.01
Jalen Smith,IND,2022,50,28,22,17.8,7216,1.37,0.73,0.64,4.27,4.56,4
Jalen Suggs,ORL,2022,48,16,32,27.2,11006.8,2.08,1.14,0.94,4.32,4.8,3.84
James Bouknight,CHA,2022,30,15,15,10,4234.2,0.8,0.42,0.38,4.47,4.89,4.08
James Ennis III,DEN,2022,7,3,4,7.9,3334.1,0.63,0.34,0.29,4.39,4.95,3.85
James Harden,PHI,2022,65,40,25,37.2,12569.8,2.38,1.32,1.06,3.6,3.95,3.25
James Johnson,BKN,2022,62,30,32,19.2,7169.1,1.36,0.72,0.64,4.05,4.34,3.76
Jamorko Pickett,DET,2022,13,4,9,13.6,5454.1,1.03,0.54,0.49,4.25,4.48,4.09
Jared Butler,UTA,2022,42,31,11,8.6,3267.4,0.62,0.34,0.28,4.03,4.37,3.67
Jared Harper,NOP,2022,5,2,3,8.6,3364.8,0.64,0.36,0.27,4.14,4.71,3.59
Jaren Jackson Jr.,MEM,2022,77,52,25,27.3,10555.6,2,1.06,0.93,4.16,4.45,3.88
Jarred Vanderbilt,MIN,2022,74,41,33,25.4,10698.8,2.03,1.07,0.96,4.53,4.83,4.24
Jarrett Allen,CLE,2022,56,35,21,32.3,11907.5,2.26,1.23,1.03,3.93,4.12,3.73
Jarrett Culver,MEM,2022,36,27,9,9.2,3563.3,0.67,0.36,0.32,4.12,4.33,3.91
Jarron Cumberland,POR,2022,3,0,3,4.1,1550.7,0.29,0.15,0.14,4.04,4.73,3.41
Javin DeLaurier,MIL,2022,1,1,0,2.8,1461,0.28,0.15,0.13,5.69,3.68,3.92
Javonte Green,CHI,2022,65,38,27,23.4,9324.2,1.77,0.92,0.85,4.34,4.52,4.15
Javonte Smart,MIA,2022,17,11,6,11.8,4720.9,0.89,0.48,0.42,4.26,4.52,3.99
Jaxson Hayes,NOP,2022,69,28,41,20.1,7733.4,1.46,0.77,0.69,4.1,4.31,3.88
Jay Huff,LAL,2022,4,0,4,5.1,1992,0.38,0.19,0.19,4.14,4.28,4.03
Jay Scrubb,LAC,2022,17,8,9,7,2915.5,0.55,0.28,0.27,4.3,4.58,4.06
Jaylen Brown,BOS,2022,65,43,22,33.6,12569.9,2.38,1.28,1.1,4.03,4.32,3.74
Jaylen Hoard,OKC,2022,7,2,5,34.2,13995.7,2.65,1.45,1.2,4.38,4.59,4.15
Jaylen Morris,SAS,2022,3,0,3,5.3,2251.3,0.43,0.24,0.19,4.55,5.14,4.02
Jaylen Nowell,MIN,2022,62,37,25,15.7,6362,1.2,0.63,0.58,4.27,4.61,3.95
Jaysean Paige,DET,2022,1,1,0,6.6,2933,0.56,0.3,0.25,4.85,4.65,5.08
Jayson Tatum,BOS,2022,75,49,26,35.9,12791.3,2.42,1.32,1.11,3.83,4.16,3.51
Jeff Dowtin Jr.,ORL,2022,9,4,5,12,4708.4,0.89,0.48,0.41,4.16,4.4,3.91
Jeff Green,DEN,2022,75,44,31,24.6,8800.1,1.67,0.87,0.79,3.86,3.99,3.74
Jemerrio Jones,LAL,2022,2,0,2,7.4,3019.5,0.57,0.3,0.27,4.29,5.25,3.52
Jerami Grant,DET,2022,47,11,36,31.9,12082.7,2.29,1.28,1.01,4.03,4.48,3.57
Jeremiah Robinson-Earl,OKC,2022,49,15,34,22.2,9120.5,1.73,0.94,0.79,4.39,4.83,3.97
Jeremy Lamb,SAC,2022,56,23,33,16.7,6494.7,1.23,0.68,0.55,4.2,4.63,3.77
Jericho Sims,NYK,2022,41,19,22,13.5,5343.2,1.01,0.54,0.47,4.19,4.41,3.95
Jevon Carter,MIL,2022,66,39,27,13.7,5692.8,1.08,0.54,0.54,4.42,4.59,4.26
Jimmy Butler,MIA,2022,57,38,19,33.9,12870.9,2.44,1.29,1.15,4.03,4.26,3.81
Jock Landale,SAS,2022,54,24,30,10.9,4447.1,0.84,0.45,0.39,4.3,4.71,3.92
Joe Harris,BKN,2022,14,10,4,30.2,12387.9,2.35,1.3,1.04,4.4,4.81,3.97
Joe Ingles,POR,2022,45,28,17,24.9,9619.7,1.82,0.99,0.84,4.09,4.37,3.8
Joe Johnson,BOS,2022,1,1,0,1.9,799,0.15,0.1,0.06,5.3,4.66,6.15
Joe Wieskamp,SAS,2022,29,11,18,7.1,2990.6,0.57,0.31,0.26,4.47,4.91,4.04
Joel Ayayi,WAS,2022,7,1,6,2.9,1206.9,0.23,0.12,0.11,4.42,4.84,4.07
Joel Embiid,PHI,2022,68,45,23,33.8,11744.1,2.22,1.17,1.05,3.73,3.91,3.55
John Collins,ATL,2022,54,26,28,30.8,11925.4,2.26,1.2,1.05,4.13,4.42,3.84
John Konchar,MEM,2022,72,48,24,17.9,7437.1,1.41,0.75,0.66,4.44,4.7,4.18
Jon Teske,MEM,2022,2,2,0,2.3,881,0.17,0.11,0.06,3.66,3.62,3.72
Jonas Valanciunas,NOP,2022,73,33,40,30.3,11127.2,2.11,1.13,0.98,3.93,4.13,3.72
Jonathan Kuminga,GSW,2022,69,44,25,16.9,6832,1.29,0.68,0.61,4.29,4.63,3.97
Jordan Bell,CHI,2022,1,1,0,2,954,0.18,0.11,0.08,5.29,4.85,5.81
Jordan Clarkson,UTA,2022,79,47,32,27.1,10754.9,2.04,1.13,0.9,4.21,4.61,3.8
Jordan Goodwin,WAS,2022,2,1,1,3,1235.5,0.23,0.13,0.1,4.79,5.44,4.06
Jordan McLaughlin,MIN,2022,62,36,26,14.5,6209.8,1.18,0.63,0.55,4.58,5.16,4.05
Jordan Nwora,MIL,2022,62,34,28,19.1,7783.6,1.47,0.78,0.7,4.31,4.64,4
Jordan Poole,GSW,2022,75,49,26,30,11574.2,2.19,1.23,0.96,4.11,4.67,3.56
Jordan Schakel,WAS,2022,4,1,3,7.6,3247.5,0.62,0.32,0.29,4.59,5.02,4.2
Jose Alvarado,NOP,2022,53,24,29,15.5,6680.9,1.27,0.66,0.61,4.54,4.76,4.33
Josh Christopher,HOU,2022,74,18,56,18,7343,1.39,0.74,0.65,4.3,4.58,4.02
Josh Giddey,OKC,2022,54,17,37,31.5,12409.4,2.35,1.27,1.08,4.3,4.74,3.88
Josh Green,DAL,2022,67,44,23,15.5,6699.3,1.27,0.65,0.62,4.57,4.59,4.55
Josh Hart,POR,2022,53,19,34,33.1,12919.5,2.45,1.32,1.13,4.14,4.45,3.82
Josh Jackson,SAC,2022,50,12,38,16.3,6490.3,1.23,0.67,0.56,4.22,4.6,3.85
Josh Okogie,MIN,2022,49,23,26,10.5,4265.7,0.81,0.39,0.42,4.26,4.25,4.26
Josh Richardson,SAS,2022,64,38,26,24.8,9805.7,1.86,1.01,0.85,4.19,4.53,3.84
Joshua Primo,SAS,2022,50,22,28,19.3,8236,1.56,0.85,0.71,4.52,5.03,4.03
Jrue Holiday,MIL,2022,67,47,20,33,12988.8,2.46,1.3,1.16,4.22,4.67,3.8
Juan Toscano-Anderson,GSW,2022,73,51,22,13.6,5585.6,1.06,0.57,0.49,4.34,4.81,3.91
Juancho Hernangomez,UTA,2022,40,20,20,11.1,4592.6,0.87,0.46,0.41,4.45,4.74,4.17
Julius Randle,NYK,2022,71,31,40,35.3,13017.3,2.47,1.37,1.09,3.93,4.25,3.59
Justin Anderson,IND,2022,16,3,13,19.7,7678.3,1.45,0.77,0.68,4.11,4.39,3.84
Justin Champagnie,TOR,2022,36,21,15,7.8,3358.2,0.64,0.34,0.3,4.58,4.7,4.45
Justin Holiday,SAC,2022,74,25,49,27.8,11044,2.09,1.16,0.94,4.29,4.77,3.81
Justin Jackson,PHX,2022,6,5,1,5.1,1909.2,0.36,0.21,0.15,4.12,4.65,3.53
Justin Robinson,DET,2022,24,13,11,12.3,5161.8,0.98,0.51,0.47,4.43,4.62,4.24
Justise Winslow,POR,2022,47,24,23,16.2,6423.1,1.22,0.63,0.58,4.19,4.42,3.96
Jusuf Nurkic,POR,2022,56,25,31,28.2,10592,2.01,1.06,0.94,4.01,4.25,3.77
Juwan Morgan,BOS,2022,2,1,1,15.5,6217,1.18,0.61,0.56,4.31,4.75,3.62
KZ Okpala,MIA,2022,21,14,7,11.6,4743.1,0.9,0.49,0.41,4.31,4.52,4.04
Kai Jones,CHA,2022,20,14,6,3,1223.3,0.23,0.12,0.11,4.16,4.31,4.01
Karl-Anthony Towns,MIN,2022,74,44,30,33.5,11973,2.27,1.16,1.11,3.84,3.97,3.71
Keifer Sykes,IND,2022,32,6,26,17.7,7361.8,1.39,0.74,0.65,4.41,4.8,4.03
Keita Bates-Diop,SAS,2022,59,23,36,16.2,6732.4,1.28,0.68,0.6,4.42,4.85,4.02
Kelan Martin,BOS,2022,30,14,16,15,5997.3,1.14,0.6,0.54,4.25,4.47,4.03
Keldon Johnson,SAS,2022,75,33,42,31.9,12650.1,2.4,1.3,1.1,4.24,4.72,3.78
Keljin Blevins,POR,2022,31,4,27,11.3,4660.3,0.88,0.46,0.42,4.38,4.6,4.13
Kelly Olynyk,DET,2022,40,13,27,19.1,7376.4,1.4,0.78,0.62,4.08,4.53,3.64
Kelly Oubre Jr.,CHA,2022,75,39,36,26.5,10279.3,1.95,1.01,0.93,4.11,4.37,3.87
Kemba Walker,NYK,2022,37,16,21,25.6,9832.1,1.86,1.04,0.82,4.1,4.43,3.75
Kenrich Williams,OKC,2022,49,17,32,21.9,8818.5,1.67,0.89,0.78,4.26,4.62,3.92
Kent Bazemore,LAL,2022,39,16,23,14,5932.8,1.12,0.57,0.56,4.5,4.59,4.42
Kentavious Caldwell-Pope,WAS,2022,77,34,43,30.2,11556.7,2.19,1.19,0.99,4.06,4.33,3.78
Kenyon Martin Jr.,HOU,2022,79,20,59,21,7962.9,1.51,0.79,0.72,4.01,4.16,3.87
Keon Johnson,POR,2022,36,8,28,19.3,7784,1.47,0.79,0.68,4.27,4.64,3.9
Kessler Edwards,BKN,2022,48,22,26,20.6,8169.8,1.55,0.82,0.73,4.33,4.55,4.1
Kevin Durant,BKN,2022,55,36,19,37.2,13121.2,2.49,1.33,1.16,3.74,4.06,3.43
Kevin Huerter,ATL,2022,74,40,34,29.6,11337.4,2.15,1.15,1,4.14,4.42,3.86
Kevin Knox II,ATL,2022,30,18,12,7.4,2950.6,0.56,0.29,0.27,4.3,4.48,4.11
Kevin Love,CLE,2022,74,38,36,22.5,8250.6,1.56,0.85,0.71,3.9,4.12,3.66
Kevin Pangos,CLE,2022,24,16,8,6.9,2955.4,0.56,0.32,0.24,4.54,4.74,4.37
Kevin Porter Jr.,HOU,2022,61,16,45,31.3,12083.4,2.29,1.23,1.05,4.11,4.37,3.85
Kevon Looney,GSW,2022,81,53,28,21.1,7960.5,1.51,0.77,0.74,4.03,4.19,3.88
Khem Birch,TOR,2022,55,34,21,18,7185.7,1.36,0.74,0.62,4.26,4.52,4
Khris Middleton,MIL,2022,66,44,22,32.4,12449.5,2.36,1.26,1.1,4.15,4.66,3.69
Killian Hayes,DET,2022,65,21,44,24.9,9944.6,1.88,1.01,0.88,4.24,4.55,3.94
Killian Tillie,MEM,2022,35,26,9,12.6,5119.7,0.97,0.51,0.46,4.31,4.46,4.15
Kira Lewis Jr.,NOP,2022,24,6,18,14.2,6011.6,1.14,0.61,0.53,4.45,4.7,4.2
Klay Thompson,GSW,2022,32,17,15,29.4,11644.3,2.21,1.2,1.01,4.26,4.78,3.77
Kris Dunn,POR,2022,14,1,13,24,9698.9,1.84,0.94,0.9,4.23,4.43,4.04
Kristaps Porzingis,WAS,2022,51,26,25,29,10612.2,2.01,1.09,0.92,3.9,4.11,3.67
Kyle Anderson,MEM,2022,69,46,23,21.5,8408,1.59,0.85,0.74,4.16,4.44,3.89
Kyle Guy,MIA,2022,19,15,4,9.8,4099.9,0.78,0.43,0.34,4.42,4.7,4.12
Kyle Kuzma,WAS,2022,66,29,37,33.4,13074.2,2.48,1.38,1.1,4.16,4.53,3.78
Kyle Lowry,MIA,2022,63,41,22,33.9,12038.4,2.28,1.25,1.03,3.76,4.13,3.4
Kyrie Irving,BKN,2022,29,14,15,37.6,13567.6,2.57,1.39,1.18,3.85,4.17,3.53
LaMarcus Aldridge,BKN,2022,47,26,21,22.3,8300.1,1.57,0.83,0.74,4.01,4.21,3.8
LaMelo Ball,CHA,2022,74,39,35,32.3,13477.3,2.55,1.4,1.15,4.44,4.94,3.95
Lamar Stevens,CLE,2022,63,35,28,16.1,6380.6,1.21,0.63,0.58,4.2,4.32,4.08
Lance Stephenson,IND,2022,46,11,35,17.7,6411.7,1.21,0.66,0.56,3.82,4.18,3.46
Landry Shamet,PHX,2022,69,53,16,20.8,8714.3,1.65,0.91,0.74,4.51,5.02,4.01
Langston Galloway,MIL,2022,7,4,3,15.2,6269,1.19,0.64,0.55,4.36,4.82,3.92
Larry Nance Jr.,NOP,2022,46,19,27,22.6,8804.5,1.67,0.88,0.78,4.13,4.39,3.88
Lauri Markkanen,CLE,2022,61,32,29,30.8,11741.3,2.22,1.21,1.02,4.07,4.34,3.8
LeBron James,LAL,2022,56,25,31,37.2,12615.5,2.39,1.29,1.1,3.61,3.92,3.3
Leandro Bolmaro,MIN,2022,35,19,16,6.9,3093.6,0.59,0.31,0.27,4.7,5.12,4.3
Lindell Wigginton,MIL,2022,19,11,8,10.5,4232,0.8,0.42,0.38,4.32,4.63,4.02
Lindy Waters III,OKC,2022,25,6,19,18.6,7598.8,1.44,0.79,0.65,4.37,4.75,3.98
Lonnie Walker IV,SAS,2022,70,27,43,23,8875.8,1.68,0.9,0.78,4.09,4.48,3.71
Lonzo Ball,CHI,2022,35,22,13,34.6,13647.7,2.58,1.39,1.2,4.21,4.63,3.81
Lou Williams,ATL,2022,56,33,23,14.3,5060.2,0.96,0.52,0.43,3.82,4.12,3.5
Louis King,SAC,2022,10,2,8,10.4,4270.5,0.81,0.42,0.39,4.33,4.63,4.05
Luguentz Dort,OKC,2022,51,17,34,32.6,12650.7,2.4,1.29,1.1,4.13,4.5,3.77
Luka Doncic,DAL,2022,65,44,21,35.4,12542.9,2.38,1.37,1.01,3.78,4.2,3.34
Luka Garza,DET,2022,31,3,28,12,5076.8,0.96,0.51,0.45,4.49,4.79,4.2
Luke Kennard,LAC,2022,70,35,35,27.4,10512.9,1.99,1.1,0.89,4.06,4.43,3.68
Luke Kornet,BOS,2022,15,11,4,6.9,2547.9,0.48,0.26,0.22,4.07,4.27,3.96
MJ Walker,PHX,2022,2,1,1,4.2,1993,0.38,0.22,0.16,5.13,4.89,4.03
Mac McClung,LAL,2022,2,2,0,12.2,5217.5,0.99,0.56,0.42,4.54,4.88,3.72
Malachi Flynn,TOR,2022,44,25,19,12.2,4909.1,0.93,0.49,0.44,4.29,4.56,4.06
Malcolm Brogdon,IND,2022,36,14,22,33.5,12845.3,2.43,1.35,1.08,4.08,4.57,3.59
Malcolm Hill,CHI,2022,19,8,11,11.2,4442.7,0.84,0.43,0.42,4.2,4.3,4.09
Malik Beasley,MIN,2022,79,46,33,25,9633.2,1.82,0.98,0.85,4.1,4.48,3.74
Malik Fitts,BOS,2022,15,13,2,4.2,1629.4,0.31,0.17,0.14,4.04,4.15,3.91
Malik Monk,LAL,2022,76,32,44,28.1,11206.5,2.12,1.16,0.97,4.23,4.63,3.84
Malik Newman,CLE,2022,1,0,1,7.7,2655,0.5,0.28,0.22,3.76,4.95,2.76
Mamadi Diakite,OKC,2022,13,4,9,14.4,5724.7,1.08,0.59,0.5,4.24,4.49,3.97
Marcus Garrett,MIA,2022,12,11,1,10.7,4391,0.83,0.42,0.41,4.4,4.34,4.48
Marcus Morris Sr.,LAC,2022,53,26,27,28.8,10250,1.94,1.04,0.9,3.79,4,3.57
Marcus Smart,BOS,2022,70,47,23,32.4,11567.9,2.19,1.17,1.02,3.86,4.15,3.57
Markelle Fultz,ORL,2022,18,6,12,20,8317.6,1.58,0.87,0.71,4.52,5.01,4
Markieff Morris,MIA,2022,17,10,7,17.6,6493.8,1.23,0.64,0.59,3.93,4.13,3.74
Marko Simonovic,CHI,2022,9,4,5,3.9,1554.7,0.29,0.14,0.15,4.24,4.32,4.17
Markus Howard,DEN,2022,31,17,14,5.7,2317.4,0.44,0.24,0.2,4.31,4.64,3.96
Marquese Chriss,DAL,2022,34,24,10,10.2,4073.1,0.77,0.41,0.36,4.24,4.5,3.97
Marvin Bagley III,DET,2022,48,17,31,23.9,9883.9,1.87,0.99,0.88,4.41,4.69,4.14
Mason Jones,LAL,2022,4,2,2,12.7,5256,1,0.55,0.45,4.38,4.88,3.88
Mason Plumlee,CHA,2022,72,40,32,24.6,9808.9,1.86,1,0.86,4.28,4.64,3.92
Matisse Thybulle,PHI,2022,66,43,23,25.5,10212,1.93,0.97,0.97,4.3,4.32,4.28
Matt Mooney,NYK,2022,1,1,0,1.9,906,0.17,0.08,0.09,5.28,5.08,5.5
Matt Ryan,BOS,2022,1,1,0,5.3,2147,0.41,0.23,0.18,4.21,4.09,4.34
Matt Thomas,CHI,2022,40,23,17,11.5,5016.8,0.95,0.53,0.42,4.63,5.09,4.16
Maurice Harkless,SAC,2022,46,14,32,18.3,7071.3,1.34,0.7,0.64,4.19,4.42,3.96
Max Strus,MIA,2022,68,46,22,23.3,9741.5,1.84,1.04,0.8,4.42,4.96,3.87
Maxi Kleber,DAL,2022,59,36,23,24.6,9070.9,1.72,0.94,0.77,3.93,4.18,3.67
McKinley Wright IV,MIN,2022,5,3,2,3.8,1624.8,0.31,0.17,0.14,4.29,4.42,4.15
Melvin Frazier Jr.,OKC,2022,3,0,3,39.9,15402.7,2.92,1.6,1.32,4.17,4.42,3.89
Micah Potter,DET,2022,3,2,1,10.3,4584,0.87,0.44,0.43,4.67,4.66,4.67
Michael Porter Jr.,DEN,2022,9,5,4,29.4,11394.1,2.16,1.11,1.05,4.12,4.27,3.98
Mikal Bridges,PHX,2022,81,63,18,34.8,13850.5,2.62,1.35,1.28,4.3,4.52,4.09
Mike Conley,UTA,2022,72,44,28,28.6,11265.3,2.13,1.19,0.95,4.18,4.58,3.76
Mike Muscala,OKC,2022,43,15,28,13.8,5657.5,1.07,0.59,0.48,4.33,4.88,3.78
Miles Bridges,CHA,2022,79,41,38,35.4,14085.1,2.67,1.45,1.22,4.23,4.68,3.79
Miles McBride,NYK,2022,40,19,21,9.3,3792.2,0.72,0.37,0.35,4.34,4.35,4.32
Mitchell Robinson,NYK,2022,71,31,40,25.6,9709.9,1.84,0.97,0.87,4.05,4.17,3.92
Miye Oni,UTA,2022,16,15,1,2.8,1111.3,0.21,0.11,0.1,4.2,3.98,4.18
Mo Bamba,ORL,2022,71,19,52,25.7,9825.5,1.86,0.98,0.88,4.1,4.33,3.88
Monte Morris,DEN,2022,75,44,31,29.9,11358.5,2.15,1.2,0.95,4.11,4.53,3.69
Montrezl Harrell,CHA,2022,71,36,35,23.1,8412.8,1.59,0.84,0.75,3.86,4.02,3.69
Moritz Wagner,ORL,2022,63,16,47,15.2,6008.1,1.14,0.62,0.52,4.18,4.57,3.79
Moses Brown,CLE,2022,40,19,21,8.6,3496.3,0.66,0.37,0.3,4.31,4.54,4.07
Moses Moody,GSW,2022,51,35,16,11.4,4342.5,0.82,0.44,0.38,4.02,4.28,3.78
Moses Wright,DAL,2022,4,4,0,3.7,1420.8,0.27,0.15,0.12,4.18,4.15,4.22
Mychal Mulder,MIA,2022,17,3,14,14.1,5508,1.04,0.54,0.5,4.13,4.45,3.87
Myles Powell,PHI,2022,11,8,3,4.7,2002.8,0.38,0.19,0.19,4.45,4.58,4.34
Myles Turner,IND,2022,42,15,27,29.4,11320,2.14,1.14,1,4.11,4.42,3.81
Naji Marshall,NOP,2022,55,23,32,13.4,5517.7,1.05,0.55,0.49,4.36,4.59,4.12
Nassir Little,POR,2022,42,19,23,25.9,10260.7,1.94,1.04,0.9,4.19,4.42,3.95
Nate Hinton,IND,2022,2,0,2,1.2,555.5,0.11,0.05,0.06,4.24,5.59,3.42
Nathan Knight,MIN,2022,37,22,15,7.2,2794.5,0.53,0.28,0.25,4.06,4.41,3.73
Naz Reid,MIN,2022,77,42,35,15.8,6253.3,1.18,0.62,0.57,4.25,4.6,3.92
Neemias Queta,SAC,2022,15,4,11,8,3150.8,0.6,0.31,0.29,4.18,4.37,3.9
Nemanja Bjelica,GSW,2022,70,48,22,16,6106.4,1.16,0.62,0.54,4.05,4.34,3.76
Nerlens Noel,NYK,2022,25,10,15,22.5,8803.8,1.67,0.91,0.76,4.15,4.42,3.86
Nic Claxton,BKN,2022,47,24,23,20.7,8164.4,1.55,0.8,0.75,4.24,4.49,3.99
Nick Richards,CHA,2022,49,25,24,7.1,2992.6,0.57,0.29,0.27,4.47,4.74,4.21
Nickeil Alexander-Walker,UTA,2022,64,28,36,22.6,9473.3,1.79,1,0.79,4.44,4.93,3.95
Nicolas Batum,LAC,2022,58,31,27,24.9,9688.3,1.83,0.95,0.88,4.15,4.28,4.02
Nik Stauskas,BOS,2022,8,7,1,4.8,1975.1,0.37,0.22,0.16,4.29,4.55,3.99
Nikola Jokic,DEN,2022,74,46,28,33.5,12227.2,2.32,1.26,1.05,3.95,4.29,3.61
Nikola Vucevic,CHI,2022,73,41,32,33.1,11671.9,2.21,1.17,1.05,3.83,4.04,3.62
Norman Powell,LAC,2022,45,15,30,32.4,12412,2.35,1.25,1.1,4.07,4.37,3.78
Norvel Pelle,UTA,2022,3,0,3,6.3,2191.3,0.42,0.22,0.19,3.97,4.43,4.17
O.G. Anunoby,TOR,2022,48,31,17,36,13573.1,2.57,1.35,1.22,4.01,4.18,3.84
Obi Toppin,NYK,2022,71,31,40,17.2,7116.1,1.35,0.72,0.63,4.38,4.7,4.06
Olivier Sarr,OKC,2022,22,6,16,19.1,7692.9,1.46,0.79,0.67,4.31,4.59,4
Omer Yurtseven,MIA,2022,56,39,17,12.6,4995.3,0.95,0.5,0.44,4.25,4.54,3.96
Onyeka Okongwu,ATL,2022,48,26,22,20.7,7978.3,1.51,0.8,0.71,4.15,4.35,3.97
Oshae Brissett,IND,2022,67,19,48,23.3,9537,1.81,0.97,0.84,4.33,4.68,3.98
Otto Porter Jr.,GSW,2022,62,41,21,22.1,8808.4,1.67,0.9,0.76,4.23,4.64,3.83
P.J. Tucker,MIA,2022,71,45,26,27.9,10823.9,2.05,1.08,0.97,4.12,4.29,3.95
P.J. Washington,CHA,2022,65,33,32,27.2,10557,2,1.06,0.94,4.12,4.49,3.77
PJ Dozier,DEN,2022,18,9,9,18.9,7525.3,1.43,0.78,0.64,4.19,4.54,3.8
Paris Bass,PHX,2022,1,1,0,5.5,2329,0.44,0.25,0.19,3.93,5.52,4.22
Pascal Siakam,TOR,2022,68,40,28,37.9,14320.5,2.71,1.49,1.22,4.04,4.39,3.67
Pat Connaughton,MIL,2022,65,41,24,26,10402.9,1.97,1.05,0.92,4.24,4.62,3.88
Patrick Beverley,MIN,2022,58,33,25,25.4,9508.6,1.8,0.98,0.82,4.03,4.39,3.67
Patrick Williams,CHI,2022,17,9,8,24.8,10165.8,1.93,1,0.92,4.33,4.61,4.09
Patty Mills,BKN,2022,81,44,37,29,11724.8,2.22,1.18,1.04,4.36,4.65,4.06
Paul George,LAC,2022,31,18,13,34.8,13190.2,2.5,1.38,1.12,4.03,4.48,3.59
Paul Millsap,PHI,2022,33,22,11,11.4,4492.8,0.85,0.46,0.39,4.21,4.51,3.91
Paul Reed,PHI,2022,38,21,17,8,3295.5,0.62,0.34,0.29,4.37,4.68,4.08
Paul Watson,OKC,2022,9,2,7,17.4,6976.2,1.32,0.69,0.63,4.32,4.56,4.01
Payton Pritchard,BOS,2022,71,46,25,14.1,5559.6,1.05,0.57,0.48,4.24,4.46,4.01
Petr Cornelie,DEN,2022,13,3,10,2.9,1225.1,0.23,0.12,0.11,4.32,4.61,4.03
Precious Achiuwa,TOR,2022,73,46,27,23.6,9358.3,1.77,0.94,0.83,4.21,4.42,4
Quentin Grimes,NYK,2022,45,20,25,17.3,6785.5,1.29,0.67,0.61,4.13,4.34,3.94
Quinndary Weatherspoon,GSW,2022,11,8,3,6.7,2810.2,0.53,0.29,0.24,4.47,4.94,4.02
R.J. Hampton,ORL,2022,64,15,49,21.9,8866.6,1.68,0.9,0.78,4.3,4.55,4.04
RJ Barrett,NYK,2022,69,32,37,34.5,13904.1,2.63,1.43,1.21,4.3,4.6,3.99
RJ Nembhard Jr.,CLE,2022,14,6,8,4.5,1797.4,0.34,0.19,0.15,4.22,4.5,3.91
Rajon Rondo,CLE,2022,39,16,23,17.9,6747.4,1.28,0.69,0.58,3.99,4.21,3.75
Raul Neto,WAS,2022,70,29,41,19.6,7890.4,1.49,0.83,0.66,4.27,4.67,3.86
Rayjon Tucker,MIL,2022,5,2,3,14.2,5837.2,1.11,0.57,0.54,4.3,4.43,4.19
Reggie Bullock,DAL,2022,68,44,24,28,10745.5,2.04,1.07,0.97,4.1,4.16,4.04
Reggie Jackson,LAC,2022,74,38,36,31.1,11645.2,2.21,1.2,1,3.97,4.28,3.65
Reggie Perry,POR,2022,10,0,10,18.7,7162.7,1.36,0.72,0.64,4.04,4.31,3.78
Richaun Holmes,SAC,2022,44,15,29,23.6,8770,1.66,0.86,0.8,3.95,4.17,3.74
Ricky Rubio,IND,2022,34,20,14,28.5,11475.7,2.17,1.26,0.91,4.23,4.73,3.69
Rob Edwards,OKC,2022,2,0,2,5.4,2183,0.41,0.23,0.18,4.18,5.26,4.15
Robert Covington,LAC,2022,71,34,37,27.3,10155.9,1.92,1.04,0.89,3.94,4.23,3.64
Robert Williams III,BOS,2022,60,40,20,29.5,10662.5,2.02,1.05,0.97,3.91,4.04,3.79
Robert Woodard II,SAS,2022,12,0,12,3.5,1422.2,0.27,0.14,0.13,4.16,4.66,3.7
Robin Lopez,ORL,2022,36,9,27,17,6318.3,1.2,0.63,0.56,3.97,4.17,3.78
Rodney Hood,LAC,2022,52,30,22,13.6,5329.6,1.01,0.54,0.46,4.12,4.5,3.76
Rodney McGruder,DET,2022,50,13,37,14.7,6166.4,1.17,0.62,0.55,4.43,4.75,4.12
Romeo Langford,SAS,2022,48,24,24,16.1,6442.8,1.22,0.63,0.59,4.25,4.37,4.12
Royce O'Neale,UTA,2022,77,46,31,31.2,12368.7,2.34,1.28,1.07,4.21,4.58,3.84
Rudy Gay,UTA,2022,55,34,21,18.9,7157.9,1.36,0.73,0.63,4.02,4.27,3.77
Rudy Gobert,UTA,2022,66,42,24,32.1,12193.5,2.31,1.22,1.09,4.02,4.24,3.82
Rui Hachimura,WAS,2022,42,16,26,22.5,8739.4,1.66,0.91,0.74,4.15,4.53,3.78
Russell Westbrook,LAL,2022,78,31,47,34.3,12613.3,2.39,1.29,1.1,3.91,4.28,3.55
Ryan Arcidiacono,NYK,2022,10,8,2,7.6,3236,0.61,0.34,0.28,4.4,4.69,4.23
Saben Lee,DET,2022,36,8,28,16.3,6698.4,1.27,0.67,0.6,4.33,4.54,4.13
Saddiq Bey,DET,2022,81,23,58,33,12555.1,2.38,1.27,1.11,4.05,4.28,3.81
Sam Dekker,TOR,2022,1,1,0,0.9,414,0.08,0.05,0.03,5.28,0,0
Sam Hauser,BOS,2022,26,20,6,6.1,2477.5,0.47,0.27,0.2,4.47,4.84,4.04
Sam Merrill,MEM,2022,6,2,4,9.6,4040.2,0.77,0.42,0.35,4.41,4.75,4.06
Sandro Mamukelashvili,MIL,2022,41,22,19,9.9,4128.2,0.78,0.43,0.35,4.41,4.69,4.08
Santi Aldama,MEM,2022,31,19,12,11,4644.5,0.88,0.47,0.41,4.44,4.65,4.23
Scottie Barnes,TOR,2022,74,43,31,35.4,14345.5,2.72,1.45,1.27,4.33,4.63,4.02
Scottie Lewis,CHA,2022,2,1,1,3.3,1434.5,0.27,0.16,0.12,4.08,4.87,3.28
Scotty Hopson,OKC,2022,1,0,1,17.7,7045,1.33,0.69,0.65,4.15,4.35,3.95
Sekou Doumbouya,LAL,2022,2,0,2,8.2,3424.5,0.65,0.33,0.32,4.42,5.22,3.74
Semi Ojeleye,LAC,2022,30,14,16,13.5,5395.9,1.02,0.55,0.48,4.22,4.49,3.94
Serge Ibaka,MIL,2022,53,30,23,16.2,5985.3,1.13,0.6,0.53,3.95,4.22,3.67
Seth Curry,BKN,2022,64,38,26,33.4,12240.5,2.32,1.27,1.04,3.98,4.27,3.68
Shai Gilgeous-Alexander,OKC,2022,56,16,40,34.7,12823.9,2.43,1.36,1.07,4.01,4.53,3.5
Shake Milton,PHI,2022,55,34,21,21.4,8191.4,1.55,0.83,0.72,4.08,4.29,3.87
Shaq Buchanan,MEM,2022,2,2,0,4.9,2145,0.41,0.22,0.18,4.47,4.53,4.42
Shaquille Harrison,BKN,2022,2,1,1,11.3,4747,0.9,0.44,0.46,4.49,4.7,4.31
Sharife Cooper,ATL,2022,13,8,5,3,1201.3,0.23,0.12,0.11,4.28,4.35,4.21
Skylar Mays,ATL,2022,28,17,11,7.8,3017.1,0.57,0.3,0.27,4.07,4.29,3.85
Solomon Hill,ATL,2022,13,7,6,10.7,4137.5,0.78,0.43,0.36,4.1,4.43,3.76
Spencer Dinwiddie,DAL,2022,67,38,29,29.6,10852.7,2.06,1.16,0.89,3.91,4.31,3.48
Stanley Johnson,LAL,2022,48,16,32,22.8,8862.1,1.68,0.87,0.81,4.15,4.33,3.96
Stephen Curry,GSW,2022,64,45,19,34.5,13431.3,2.54,1.44,1.1,4.15,4.83,3.5
Sterling Brown,DAL,2022,49,31,18,12.8,5191.7,0.98,0.51,0.47,4.3,4.34,4.25
Steven Adams,MEM,2022,75,50,25,26.4,9780.9,1.85,0.98,0.87,4.01,4.19,3.83
Svi Mykhailiuk,TOR,2022,56,29,27,12.8,5457.6,1.03,0.55,0.48,4.53,4.9,4.17
T.J. McConnell,IND,2022,27,9,18,24.1,10547.5,2,1.08,0.91,4.64,5.04,4.25
Tacko Fall,CLE,2022,11,4,7,5.3,1914.9,0.36,0.2,0.16,3.74,3.77,3.5
Taj Gibson,NYK,2022,51,23,28,18.1,6989.5,1.32,0.7,0.63,4.08,4.28,3.88
Talen Horton-Tucker,LAL,2022,60,23,37,25.2,9643.5,1.83,0.98,0.85,4.06,4.3,3.82
Taurean Prince,MIN,2022,69,40,29,17.1,6487.3,1.23,0.64,0.59,4.1,4.4,3.82
Terance Mann,LAC,2022,80,41,39,28.6,11458,2.17,1.14,1.03,4.25,4.43,4.06
Terence Davis,SAC,2022,29,10,19,17.9,7278.8,1.38,0.74,0.64,4.4,4.94,3.91
Terrence Ross,ORL,2022,63,14,49,23,9083.1,1.72,0.95,0.77,4.19,4.63,3.75
Terry Rozier,CHA,2022,72,38,34,33.7,13799.8,2.61,1.39,1.22,4.37,4.69,4.05
Terry Taylor,IND,2022,33,7,26,21.6,8993.1,1.7,0.9,0.8,4.42,4.75,4.11
Thaddeus Young,TOR,2022,52,27,25,16.3,6340.9,1.2,0.65,0.55,4.14,4.4,3.87
Thanasis Antetokounmpo,MIL,2022,48,26,22,9.9,4093.6,0.78,0.41,0.36,4.47,4.68,4.26
Theo Maledon,OKC,2022,51,14,37,17.8,7341.3,1.39,0.77,0.62,4.42,4.92,3.92
Theo Pinson,DAL,2022,19,14,5,7.8,2973.3,0.56,0.3,0.26,4,4.16,3.83
Thomas Bryant,WAS,2022,27,8,19,16.3,6015.7,1.14,0.61,0.53,3.96,4.16,3.73
Tim Frazier,CLE,2022,12,1,11,17.3,6879.8,1.3,0.7,0.61,4.18,4.38,3.97
Tim Hardaway Jr.,DAL,2022,42,24,18,29.6,11143,2.11,1.15,0.96,3.99,4.26,3.72
Timothe Luwawu-Cabarrot,ATL,2022,52,30,22,13.2,5453.3,1.03,0.55,0.48,4.39,4.65,4.13
Tobias Harris,PHI,2022,73,45,28,34.8,12966.3,2.46,1.32,1.14,3.99,4.21,3.76
Tomas Satoransky,WAS,2022,55,21,34,16.5,6946.7,1.32,0.71,0.61,4.49,4.84,4.13
Tony Bradley,CHI,2022,55,28,27,10,3944.2,0.75,0.39,0.36,4.18,4.43,3.94
Tony Snell,NOP,2022,53,19,34,15.5,5965.5,1.13,0.61,0.52,4.08,4.37,3.76
Torrey Craig,PHX,2022,78,36,42,20.5,8424.6,1.6,0.84,0.75,4.41,4.65,4.16
Trae Young,ATL,2022,76,40,36,34.9,12837.1,2.43,1.37,1.06,3.96,4.47,3.46
Trayvon Palmer,DET,2022,1,0,1,16.8,7289,1.38,0.69,0.69,4.6,5.27,4.1
Tre Jones,SAS,2022,69,32,37,16.6,7126.2,1.35,0.72,0.63,4.54,4.95,4.16
Tre Mann,OKC,2022,60,17,43,22.8,8957.7,1.7,0.92,0.78,4.3,4.64,3.95
Tremont Waters,WAS,2022,3,0,3,16.8,6472.7,1.23,0.65,0.57,4.11,4.95,3.43
Trendon Watford,POR,2022,48,16,32,18.1,7102.6,1.35,0.72,0.62,4.14,4.51,3.77
Trent Forrest,UTA,2022,60,36,24,12.8,5146,0.97,0.51,0.46,4.32,4.43,4.21
Trevelin Queen,HOU,2022,10,1,9,7.4,2885.4,0.55,0.28,0.27,4.24,4.56,3.96
Trevon Scott,CLE,2022,2,1,1,5.7,2264,0.43,0.25,0.18,4.31,4.23,4.42
Trevor Ariza,LAL,2022,24,8,16,19.3,7221.4,1.37,0.71,0.66,4,4.1,3.91
Trey Burke,DAL,2022,42,24,18,10.5,4214.8,0.8,0.43,0.37,4.24,4.41,4.06
Trey Lyles,SAC,2022,74,19,55,20.4,7921.6,1.5,0.81,0.69,4.13,4.49,3.77
Trey Murphy III,NOP,2022,62,31,31,13.9,5622.1,1.06,0.55,0.51,4.25,4.35,4.16
Tristan Thompson,CHI,2022,56,19,37,15.8,6077.2,1.15,0.6,0.55,4.14,4.26,4.01
Troy Brown Jr.,CHI,2022,66,37,29,16,6620.3,1.25,0.66,0.59,4.47,4.66,4.25
Ty Jerome,OKC,2022,48,15,33,16.7,6540.1,1.24,0.7,0.54,4.17,4.71,3.63
Tyler Cook,CHI,2022,20,13,7,10,4021.7,0.76,0.41,0.35,4.27,4.44,4.09
Tyler Hall,NYK,2022,1,1,0,1.9,851,0.16,0.09,0.07,5.27,5.08,5.49
Tyler Herro,MIA,2022,66,44,22,32.6,13382,2.53,1.4,1.13,4.35,4.77,3.92
Tyler Johnson,SAS,2022,6,2,4,15.2,6306.5,1.19,0.66,0.53,4.39,4.74,4.02
Tyrell Terry,MEM,2022,2,2,0,1.5,563,0.11,0.06,0.05,3.53,3.42,3.65
Tyrese Haliburton,IND,2022,76,25,51,35,14359.3,2.72,1.49,1.23,4.37,4.86,3.89
Tyrese Maxey,PHI,2022,75,45,30,35.3,14512.6,2.75,1.51,1.24,4.4,4.73,4.06
Tyrone Wallace,NOP,2022,6,4,2,12.5,4908.2,0.93,0.5,0.43,4.2,4.4,4.01
Tyus Jones,MEM,2022,72,50,22,21.2,8499.8,1.61,0.87,0.74,4.28,4.62,3.94
Udoka Azubuike,UTA,2022,17,11,6,11.5,4224.6,0.8,0.42,0.38,3.94,4.01,3.87
Udonis Haslem,MIA,2022,13,10,3,6.4,2324.8,0.44,0.25,0.19,3.79,4.12,3.44
Usman Garuba,HOU,2022,24,2,22,10,3917.8,0.74,0.38,0.36,4.14,4.39,3.9
Vernon Carey Jr.,WAS,2022,7,3,4,6.3,2603.1,0.49,0.26,0.24,4.32,4.4,3.99
Victor Oladipo,MIA,2022,8,4,4,21.6,8411.8,1.59,0.85,0.74,4.12,4.66,3.64
Vit Krejci,OKC,2022,30,8,22,23,8864,1.68,0.93,0.75,4.23,4.61,3.84
Vlatko Cancar,DEN,2022,15,7,8,11.8,4591.3,0.87,0.47,0.4,4.08,4.38,3.78
Wayne Ellington,LAL,2022,43,15,28,18.8,7517.2,1.42,0.76,0.67,4.23,4.48,3.97
Wayne Selden,NYK,2022,3,2,1,6.4,2655.3,0.5,0.25,0.26,4.29,4.15,4.41
Wendell Carter Jr.,ORL,2022,62,16,46,29.9,10911.1,2.07,1.1,0.97,3.91,4.21,3.62
Wenyen Gabriel,LAL,2022,25,8,17,14.3,5701.9,1.08,0.57,0.51,4.24,4.6,3.91
Wes Iwundu,ATL,2022,3,2,1,27.4,11079.3,2.1,1.11,0.99,4.28,4.5,4.07
Wesley Matthews,MIL,2022,49,33,16,20.4,8200.5,1.55,0.8,0.76,4.23,4.67,3.84
Will Barton,DEN,2022,71,41,30,32.1,12185.3,2.31,1.24,1.07,4.11,4.35,3.86
Willie Cauley-Stein,PHI,2022,20,12,8,9.1,3680.3,0.7,0.37,0.32,4.29,4.55,4.08
Willy Hernangomez,NOP,2022,50,22,28,16.8,6688,1.27,0.67,0.59,4.22,4.5,3.94
Xavier Moon,LAC,2022,10,7,3,13.7,5681.2,1.08,0.58,0.5,4.34,4.8,3.91
Xavier Sneed,UTA,2022,9,7,2,4.3,1650.4,0.31,0.17,0.15,3.96,4.22,3.69
Xavier Tillman,MEM,2022,53,35,18,13.2,5325.3,1.01,0.53,0.48,4.26,4.46,4.05
Yuta Watanabe,TOR,2022,38,21,17,11.7,5009.7,0.95,0.51,0.44,4.54,4.94,4.14
Yves Pons,MEM,2022,12,9,3,5.9,2434.3,0.46,0.24,0.22,4.25,4.38,4.11
Zach Collins,SAS,2022,28,14,14,17.9,6935.1,1.31,0.7,0.61,4.11,4.43,3.8
Zach LaVine,CHI,2022,67,37,30,34.8,13467.4,2.55,1.38,1.17,4.21,4.61,3.82
Zavier Simpson,OKC,2022,4,1,3,43.5,16604,3.14,1.75,1.39,4.1,4.41,3.77
Zeke Nnaji,DEN,2022,41,24,17,17,6938.3,1.31,0.71,0.61,4.3,4.52,4.07
Ziaire Williams,MEM,2022,61,40,21,21.7,8287.1,1.57,0.82,0.75,4.15,4.28,4.01
Zylan Cheatham,UTA,2022,1,0,1,5.2,2207,0.42,0.19,0.23,4.34,5.34,3.66